Name_of_Trading_Venue,Trading_Venue_Identifier,Date_of_which_the_weekly_report_refers,Date_and_time_of_the_publication,Name_of_Commodity_Contract_or_Emission_Allowance,Venue_Product_Code,Report_Status,NotationofthePositionQuantity,NOPS_Investment_Firms_or_Credit_Institutions_Long_Risk_Reducing,NOPS_Investment_Firms_or_Credit_Institutions_Short_Risk_Reducing,NOPS_Investment_Firms_or_Credit_Institutions_Long_Other,NOPS_Investment_Firms_or_Credit_Institutions_Short_Other,NOPS_Investment_Firms_or_Credit_Institutions_Long_Total,NOPS_Investment_Firms_or_Credit_Institutions_Short_Total,NOPS_Investment_Funds_Long_Risk_Reducing,NOPS_Investment_Funds_Short_Risk_Reducing,NOPS_Investment_Funds_Long_Other,NOPS_Investment_Funds_Short_Other,NOPS_Investment_Funds_Long_Total,NOPS_Investment_Funds_Short_Total,NOPS_Other_Financial_Institutions_Long_Risk_Reducing,NOPS_Other_Financial_Institutions_Short_Risk_Reducing,NOPS_Other_Financial_Institutions_Long_Other,NOPS_Other_Financial_Institutions_Short_Other,NOPS_Other_Financial_Institutions_Long_Total,NOPS_Other_Financial_Institutions_Short_Total,NOPS_Commercial_Undertakings_Long_Risk_Reducing,NOPS_Commercial_Undertakings_Short_Risk_Reducing,NOPS_Commercial_Undertakings_Long_Other,NOPS_Commercial_Undertakings_Short_Other,NOPS_Commercial_Undertakings_Long_Total,NOPS_CommercialUndertakings_Short_Total,NOPS_Operators_with_obligations_under_Directive_2003/87/EC_Long_Risk_Reducing,NOPS_Operators_with_obligations_under_Directive_2003/87/EC_Short_Risk_Reducing,NOPS_Operators_with_obligations_under_Directive_2003/87/EC_Long_Other,NOPS_Operators_with_obligations_under_Directive_2003/87/EC_Short_Other,NOPS_Operators_with_obligations_under_Directive_2003/87/EC_Long_Total,NOPS_Operators_with_obligations_under_Directive_2003/87/EC_Short_Total,CSPR_Investment_Firms_or_Credit_Institutions_Long_Risk_Reducing,CSPR_Investment_Firms_or_Credit_Institutions_Short_Risk_Reducing,CSPR_Investment_Firms_or_Credit_Institutions_Long_Other,CSPR_Investment_Firms_or_Credit_Institutions_Short_Other,CSPR_Investment_Firms_or_Credit_Institutions_Long_Total,CSPR_Investment_Firms_or_Credit_Institutions_Short_Total,CSPR_Investment_Funds_Long_Risk_Reducing,CSPR_Investment_Funds_Short_Risk_Reducing,CSPR_Investment_Funds_Long_Other,CSPR_Investment_Funds_Short_Other,CSPR_Investment_Funds_Long_Total,CSPR_Investment_Funds_Short_Total,CSPR_Other_Financial_Institutions_Long_Risk_Reducing,CSPR_Other_Financial_Institutions_Short_Risk_Reducing,CSPR_Other_Financial_Institutions_Long_Other,CSPR_Other_Financial_Institutions_Short_Other,CSPR_Other_Financial_Institutions_Long_Total,CSPR_Other_Financial_Institutions_Short_Total,CSPR_Commercial_Undertakings_Long_Risk_Reducing,CSPR_Commercial_Undertakings_Short_Risk_Reducing,CSPR_Commercial_Undertakings_Long_Other,CSPR_Commercial_Undertakings_Short_Other,CSPR_CommercialUndertakings_Long_Total,CSPR_CommercialUndertakings_Short_Total,CSPR_Operators_with_obligations_under_Directive_2003/87/EC_Long_Risk_Reducing,CSPR_Operators_with_obligations_under_Directive_2003/87/EC_Short_Risk_Reducing,CSPR_Operators_with_obligations_under_Directive_2003/87/EC_Long_Other,CSPR_Operators_with_obligations_under_Directive_2003/87/EC_Short_Other,CSPR_Operators_with_obligations_under_Directive_2003/87/EC_Long_Total,CSPR_Operators_with_obligations_under_Directive_2003/87/EC_Short_Total,PTOI_Investment_Firms_or_Credit_Institutions_Long_Risk_Reducing,PTOI_Investment_Firms_or_Credit_Institutions_Short_Risk_Reducing,PTOI_Investment_Firms_or_Credit_Institutions_Long_Other,PTOI_Investment_Firms_or_Credit_Institutions_Short_Other,PTOI_Investment_Firms_or_Credit_Institutions_Long_Total,PTOI_Investment_Firms_or_Credit_Institutions_Short_Total,PTOI_Investment_Funds_Long_Risk_Reducing,PTOI_Investment_Funds_Short_Risk_Reducing,PTOI_Investment_Funds_Long_Other,PTOI_Investment_Funds_Short_Other,PTOI_Investment_Funds_Long_Total,PTOI_Investment_Funds_Short_Total,PTOI_Other_Financial_Institutions_Long_Risk_Reducing,PTOI_Other_Financial_Institutions_Short_Risk_Reducing,PTOI_Other_Financial_Institutions_Long_Other,PTOI_Other_Financial_Institutions_Short_Other,PTOI_Other_Financial_Institutions_Long_Total,PTOI_Other_Financial_Institutions_Short_Total,PTOI_Commercial_Undertakings_Long_Risk_Reducing,PTOI_Commercial_Undertakings_Short_Risk_Reducing,PTOI_Commercial_Undertakings_Long_Other,PTOI_Commercial_Undertakings_Short_Other,PTOI_CommercialUndertakings_Long_Total,PTOI_CommercialUndertakings_Short_Total,PTOI_Operators_with_obligations_under_Directive_2003/87/EC_Long_Risk_Reducing,PTOI_Operators_with_obligations_under_Directive_2003/87/EC_Short_Risk_Reducing,PTOI_Operators_with_obligations_under_Directive_2003/87/EC_Long_Other,PTOI_Operators_with_obligations_under_Directive_2003/87/EC_Short_Other,PTOI_Operators_with_obligations_under_Directive_2003/87/EC_Long_Total,PTOI_Operators_with_obligations_under_Directive_2003/87/EC_Short_Total,NPHP_Investment_Firms_or_Credit_Institutions_Combined,NPHP_Investment_Funds_Combined,NPHP_Other_Financial_Institutions_Combined,NPHP_Commercial_Undertakings_Combined,NPHP_Operators_with_obligations_under_Directive_2003/87/EC_Combined
"ICE Futures Europe","IFEU","2026-03-06","2026-03-10T14:16:11.066000Z","SVW-Jet Fuel Diff - Singapore Jet Kerosene Cargoes (Platts) vs Singapore Gasoil 0.05% (Platts) Future","SVW","NEWT","LOTS",0.00,0.00,585.00,300.00,585.00,300.00,0.00,0.00,525.00,0.00,525.00,0.00,0.00,0.00,0.00,0.00,0.00,0.00,2013.00,3587.00,1189.00,500.00,3202.00,4087.00,0.00,0.00,0.00,0.00,0.00,0.00,0.00,0.00,585.00,225.00,585.00,225.00,0.00,0.00,525.00,0.00,525.00,0.00,0.00,0.00,0.00,0.00,0.00,0.00,1609.00,3312.00,1104.00,361.00,2713.00,3673.00,0.00,0.00,0.00,0.00,0.00,0.00,0.00,0.00,13.57,6.84,13.57,6.84,0.00,0.00,12.18,0.00,12.18,0.00,0.00,0.00,0.00,0.00,0.00,0.00,46.68,81.76,27.57,11.40,74.25,93.16,0.00,0.00,0.00,0.00,0.00,0.00,"9",".","0","26","0"
"ICE Futures Europe","IFEU","2026-03-06","2026-03-10T14:16:11.066000Z","BOD-Brent 1st Line vs Dubai 1st Line Future","BOD","NEWT","LOTS",0.00,0.00,123118.00,140517.00,123118.00,140517.00,0.00,0.00,23225.00,27392.00,23225.00,27392.00,0.00,0.00,132.00,134.00,132.00,134.00,156554.00,137636.00,87587.00,85594.00,244141.00,223230.00,0.00,0.00,0.00,0.00,0.00,0.00,0.00,0.00,-32341.00,-36140.00,-32341.00,-36140.00,0.00,0.00,-20845.00,-10555.00,-20845.00,-10555.00,0.00,0.00,0.00,2.00,0.00,2.00,10062.00,-40191.00,-50444.00,-16074.00,-40382.00,-56265.00,0.00,0.00,0.00,0.00,0.00,0.00,0.00,0.00,31.52,35.91,31.52,35.91,0.00,0.00,5.95,7.00,5.95,7.00,0.00,0.00,0.03,0.03,0.03,0.03,40.08,35.18,22.42,21.88,62.50,57.06,0.00,0.00,0.00,0.00,0.00,0.00,"49","50",".","95","0"
"ICE Futures Europe","IFEU","2026-03-06","2026-03-10T14:16:11.066000Z","SGB-Gasoil Crack - Singapore Gasoil (Platts) vs Brent 1st Line Future","SGB","NEWT","LOTS",0.00,0.00,3010.00,430.00,3010.00,430.00,0.00,0.00,1030.00,114.00,1030.00,114.00,0.00,0.00,0.00,0.00,0.00,0.00,555.00,3665.00,2099.00,2485.00,2654.00,6150.00,0.00,0.00,0.00,0.00,0.00,0.00,0.00,0.00,408.00,-165.00,408.00,-165.00,0.00,0.00,-195.00,0.00,-195.00,0.00,0.00,0.00,0.00,0.00,0.00,0.00,-75.00,400.00,-405.00,115.00,-480.00,515.00,0.00,0.00,0.00,0.00,0.00,0.00,0.00,0.00,44.96,6.43,44.96,6.43,0.00,0.00,15.39,1.70,15.39,1.70,0.00,0.00,0.00,0.00,0.00,0.00,8.29,54.75,31.36,37.12,39.65,91.87,0.00,0.00,0.00,0.00,0.00,0.00,"12",".","0","23","0"
"ICE Futures Europe","IFEU","2026-03-06","2026-03-10T14:16:11.066000Z","NBG-Naphtha C+F Japan (Platts) vs Brent 1st Line Futures (bbl)","NBG","NEWT","LOTS",0.00,0.00,4096.00,4783.00,4096.00,4783.00,0.00,0.00,1522.00,897.00,1522.00,897.00,0.00,0.00,0.00,0.00,0.00,0.00,14366.00,14952.00,11281.00,10608.00,25647.00,25560.00,0.00,0.00,0.00,0.00,0.00,0.00,0.00,0.00,-725.00,-1228.00,-725.00,-1228.00,0.00,0.00,-561.00,27.00,-561.00,27.00,0.00,0.00,0.00,0.00,0.00,0.00,-1793.00,-69.00,2077.00,333.00,284.00,264.00,0.00,0.00,0.00,0.00,0.00,0.00,0.00,0.00,13.10,15.31,13.10,15.31,0.00,0.00,4.87,2.87,4.87,2.87,0.00,0.00,0.00,0.00,0.00,0.00,45.95,47.86,36.08,33.96,82.03,81.82,0.00,0.00,0.00,0.00,0.00,0.00,"19",".","0","44","0"
"ICE Futures Europe","IFEU","2026-03-06","2026-03-10T14:16:11.066000Z","STS-Fuel Oil 180 CST Singapore vs 380 CST Singapore Future","STS","NEWT","LOTS",0.00,0.00,798.00,968.00,798.00,968.00,0.00,0.00,13.00,79.00,13.00,79.00,0.00,0.00,0.00,0.00,0.00,0.00,3080.00,2628.00,768.00,984.00,3848.00,3612.00,0.00,0.00,0.00,0.00,0.00,0.00,0.00,0.00,-193.00,-782.00,-193.00,-782.00,0.00,0.00,9.00,-72.00,9.00,-72.00,0.00,0.00,0.00,0.00,0.00,0.00,-1530.00,-402.00,-133.00,-502.00,-1663.00,-904.00,0.00,0.00,0.00,0.00,0.00,0.00,0.00,0.00,17.13,20.77,17.13,20.77,0.00,0.00,0.28,1.70,0.28,1.70,0.00,0.00,0.00,0.00,0.00,0.00,66.11,56.41,16.48,21.12,82.59,77.53,0.00,0.00,0.00,0.00,0.00,0.00,"21",".","0","38","0"
"ICE Futures Europe","IFEU","2026-03-06","2026-03-10T14:16:11.066000Z","CFD-Brent CFD vs First Month Future","CFD","NEWT","LOTS",0.00,0.00,22950.00,26885.00,22950.00,26885.00,0.00,0.00,0.00,0.00,0.00,0.00,0.00,0.00,0.00,0.00,0.00,0.00,76855.00,68060.00,35400.00,30910.00,112255.00,98970.00,0.00,0.00,0.00,0.00,0.00,0.00,0.00,0.00,-4300.00,-15670.00,-4300.00,-15670.00,0.00,0.00,0.00,0.00,0.00,0.00,0.00,0.00,0.00,0.00,0.00,0.00,-46630.00,-26190.00,-11700.00,-23340.00,-58330.00,-49530.00,0.00,0.00,0.00,0.00,0.00,0.00,0.00,0.00,16.98,21.36,16.98,21.36,0.00,0.00,0.00,0.00,0.00,0.00,0.00,0.00,0.00,0.00,0.00,0.00,56.84,54.08,26.18,24.56,83.02,78.64,0.00,0.00,0.00,0.00,0.00,0.00,".","0","0","30","0"
"ICE Futures Europe","IFEU","2026-03-06","2026-03-10T14:16:11.066000Z","ULD-Low Sulphur Gasoil 1st Line vs Brent 1st Line Future (in Bbls)","ULD","NEWT","LOTS",0.00,0.00,218505.97,69352.08,218505.97,69352.08,0.00,0.00,14598.47,7787.00,14598.47,7787.00,0.00,0.00,0.00,0.00,0.00,0.00,11272.62,127786.95,30789.90,70076.34,42062.52,197863.29,0.00,0.00,0.00,0.00,0.00,0.00,0.00,0.00,6785.88,1603.97,6785.88,1603.97,0.00,0.00,-5090.39,-4406.02,-5090.39,-4406.02,0.00,0.00,0.00,0.00,0.00,0.00,4535.88,-801.87,-3290.66,-1683.10,1245.22,-2484.97,0.00,0.00,0.00,0.00,0.00,0.00,0.00,0.00,79.40,25.22,79.40,25.22,0.00,0.00,5.31,2.83,5.31,2.83,0.00,0.00,0.00,0.00,0.00,0.00,4.10,46.47,11.19,25.48,15.29,71.95,0.00,0.00,0.00,0.00,0.00,0.00,"46","27","0","85","0"
"ICE Futures Europe","IFEU","2026-03-06","2026-03-10T14:16:11.066000Z","BAQ-Jet Fuel Diff - Singapore Jet Kerosene Cargoes (Platts) vs Singapore Gasoil (Platts) Future","BAQ","NEWT","LOTS",0.00,0.00,52125.00,9058.00,52125.00,9058.00,0.00,0.00,2871.00,30714.00,2871.00,30714.00,0.00,0.00,0.00,334.00,0.00,334.00,41466.00,46193.00,35920.00,46070.00,77386.00,92263.00,0.00,0.00,0.00,0.00,0.00,0.00,0.00,0.00,-3323.00,-1835.00,-3323.00,-1835.00,0.00,0.00,-1776.00,-3153.00,-1776.00,-3153.00,0.00,0.00,0.00,84.00,0.00,84.00,-6285.00,1094.00,5483.00,-3726.00,-802.00,-2632.00,0.00,0.00,0.00,0.00,0.00,0.00,0.00,0.00,39.38,6.85,39.38,6.85,0.00,0.00,2.17,23.20,2.17,23.20,0.00,0.00,0.00,0.25,0.00,0.25,31.32,34.90,27.13,34.80,58.45,69.70,0.00,0.00,0.00,0.00,0.00,0.00,"32","50",".","62","0"
"ICE Futures Europe","IFEU","2026-03-06","2026-03-10T14:16:11.066000Z","NBB-Naphtha CIF NWE Cargoes (Platts) vs Brent 1st Line Future (bbl)","NBB","NEWT","LOTS",0.00,0.00,9460.00,36605.00,9460.00,36605.00,0.00,0.00,7933.00,1901.00,7933.00,1901.00,0.00,0.00,0.00,0.00,0.00,0.00,95835.00,63213.00,35556.00,46995.00,131391.00,110208.00,0.00,0.00,0.00,0.00,0.00,0.00,0.00,0.00,-3376.00,583.00,-3376.00,583.00,0.00,0.00,-449.00,-2957.00,-449.00,-2957.00,0.00,0.00,0.00,0.00,0.00,0.00,-9331.00,-8318.00,-3476.00,-7144.00,-12807.00,-15462.00,0.00,0.00,0.00,0.00,0.00,0.00,0.00,0.00,6.36,24.61,6.36,24.61,0.00,0.00,5.33,1.28,5.33,1.28,0.00,0.00,0.00,0.00,0.00,0.00,64.41,42.51,23.90,31.60,88.31,74.11,0.00,0.00,0.00,0.00,0.00,0.00,"23","29","0","74","0"
"ICE Futures Europe","IFEU","2026-03-06","2026-03-10T14:16:11.066000Z","TFU-Dutch TTF Natural Gas 1st Line Financial Futures (USD/MMBTU)","TFU","NEWT","LOTS",0.00,0.00,50614.33,6186.35,50614.33,6186.35,0.00,0.00,4106.00,3598.00,4106.00,3598.00,0.00,0.00,0.00,0.00,0.00,0.00,95521.37,182886.96,81459.52,39159.91,176980.89,222046.87,0.00,0.00,0.00,0.00,0.00,0.00,0.00,0.00,4004.51,-173.12,4004.51,-173.12,0.00,0.00,-1813.00,1125.00,-1813.00,1125.00,0.00,0.00,0.00,0.00,0.00,0.00,-3735.98,-964.29,4939.92,3407.86,1203.94,2443.57,0.00,0.00,0.00,0.00,0.00,0.00,0.00,0.00,21.84,2.67,21.84,2.67,0.00,0.00,1.77,1.55,1.77,1.55,0.00,0.00,0.00,0.00,0.00,0.00,41.23,78.89,35.16,16.89,76.39,95.78,0.00,0.00,0.00,0.00,0.00,0.00,"16","14","0","70","0"
"ICE Futures Europe","IFEU","2026-03-06","2026-03-10T14:16:11.066000Z","SMJ-Gasoline Diff - Singapore Mogas 92 Unleaded (Platts) vs Naphtha C+F Japan Cargoes (Platts) Future (in Bbls)","SMJ","NEWT","LOTS",0.00,0.00,3857.00,590.00,3857.00,590.00,0.00,0.00,150.00,0.00,150.00,0.00,0.00,0.00,0.00,0.00,0.00,0.00,210.00,5498.00,4880.00,2235.00,5090.00,7733.00,0.00,0.00,0.00,0.00,0.00,0.00,0.00,0.00,-1863.00,-50.00,-1863.00,-50.00,0.00,0.00,-25.00,0.00,-25.00,0.00,0.00,0.00,0.00,0.00,0.00,0.00,-75.00,-1574.00,-217.00,436.00,-292.00,-1138.00,0.00,0.00,0.00,0.00,0.00,0.00,0.00,0.00,42.40,7.09,42.40,7.09,0.00,0.00,1.65,0.00,1.65,0.00,0.00,0.00,0.00,0.00,0.00,0.00,2.31,66.06,53.64,26.85,55.95,92.91,0.00,0.00,0.00,0.00,0.00,0.00,"5",".","0","21","0"
"ICE Futures Europe","IFEU","2026-03-06","2026-03-10T14:16:11.066000Z","MF5-Fuel Oil Diff - Marine Fuel 0.5% FOB Rotterdam Barges (Platts) vs 3.5% FOB Rotterdam Barges (Platts) Future","MF5","NEWT","LOTS",0.00,0.00,205.00,37.00,205.00,37.00,0.00,0.00,24.00,5.00,24.00,5.00,0.00,0.00,0.00,0.00,0.00,0.00,97.00,198.00,683.00,769.00,780.00,967.00,0.00,0.00,0.00,0.00,0.00,0.00,0.00,0.00,-13.00,-10.00,-13.00,-10.00,0.00,0.00,0.00,-5.00,0.00,-5.00,0.00,0.00,0.00,0.00,0.00,0.00,-18.00,-76.00,-148.00,-83.00,-166.00,-159.00,0.00,0.00,0.00,0.00,0.00,0.00,0.00,0.00,20.32,3.67,20.32,3.67,0.00,0.00,2.38,0.50,2.38,0.50,0.00,0.00,0.00,0.00,0.00,0.00,9.61,19.62,67.69,76.21,77.30,95.83,0.00,0.00,0.00,0.00,0.00,0.00,"5",".","0","19","0"
"ICE Futures Europe","IFEU","2026-03-06","2026-03-10T14:16:11.066000Z","MFT-Fuel Oil Crack - Marine Fuel 0.5% FOB Singapore (Platts) vs Brent 1st Line Future (in Bbls)","MFT","NEWT","LOTS",0.00,0.00,10232.00,8749.00,10232.00,8749.00,0.00,0.00,4862.00,4760.00,4862.00,4760.00,0.00,0.00,0.00,0.00,0.00,0.00,13633.00,13077.00,13622.00,15739.00,27255.00,28816.00,0.00,0.00,0.00,0.00,0.00,0.00,0.00,0.00,-791.00,-3820.00,-791.00,-3820.00,0.00,0.00,-4226.00,-475.00,-4226.00,-475.00,0.00,0.00,0.00,0.00,0.00,0.00,1974.00,-1699.00,-4422.00,-335.00,-2448.00,-2034.00,0.00,0.00,0.00,0.00,0.00,0.00,0.00,0.00,24.16,20.66,24.16,20.66,0.00,0.00,11.48,11.25,11.48,11.25,0.00,0.00,0.00,0.00,0.00,0.00,32.19,30.90,32.17,37.19,64.36,68.09,0.00,0.00,0.00,0.00,0.00,0.00,"39","21","0","77","0"
"ICE Futures Europe","IFEU","2026-03-06","2026-03-10T14:16:11.066000Z","NVS-Fuel Oil 3.5% FOB Med Cargoes vs 3.5% FOB Rotterdam Barges Future","NVS","NEWT","LOTS",0.00,0.00,230.00,17.00,230.00,17.00,0.00,0.00,0.00,0.00,0.00,0.00,0.00,0.00,0.00,0.00,0.00,0.00,226.00,649.50,287.50,77.00,513.50,726.50,0.00,0.00,0.00,0.00,0.00,0.00,0.00,0.00,-18.00,-2.00,-18.00,-2.00,0.00,0.00,0.00,0.00,0.00,0.00,0.00,0.00,0.00,0.00,0.00,0.00,-255.00,-243.50,10.50,-19.00,-244.50,-262.50,0.00,0.00,0.00,0.00,0.00,0.00,0.00,0.00,30.93,2.28,30.93,2.28,0.00,0.00,0.00,0.00,0.00,0.00,0.00,0.00,0.00,0.00,0.00,0.00,30.40,87.36,38.67,10.36,69.07,97.72,0.00,0.00,0.00,0.00,0.00,0.00,"6","0","0","17","0"
"ICE Futures Europe","IFEU","2026-03-06","2026-03-10T14:16:11.066000Z","MF6-Fuel Oil Diff - Marine Fuel 0.5% FOB Singapore Barges (Platts) vs 380 CST Singapore (Platts) Future","MF6","NEWT","LOTS",0.00,0.00,387.00,112.00,387.00,112.00,0.00,0.00,104.00,39.00,104.00,39.00,0.00,0.00,0.00,0.00,0.00,0.00,373.00,785.00,761.00,689.00,1134.00,1474.00,0.00,0.00,0.00,0.00,0.00,0.00,0.00,0.00,-218.00,-37.00,-218.00,-37.00,0.00,0.00,-7.00,-55.00,-7.00,-55.00,0.00,0.00,0.00,0.00,0.00,0.00,-5.00,-28.00,-10.00,-1.00,-15.00,-29.00,0.00,0.00,0.00,0.00,0.00,0.00,0.00,0.00,23.82,6.89,23.82,6.89,0.00,0.00,6.40,2.40,6.40,2.40,0.00,0.00,0.00,0.00,0.00,0.00,22.95,48.31,46.83,42.40,69.78,90.71,0.00,0.00,0.00,0.00,0.00,0.00,"16",".","0","31","0"
"ICE Futures Europe","IFEU","2026-03-06","2026-03-10T14:16:11.066000Z","M-UK NBP Natural Gas Futures","M","NEWT","LOTS",0.00,0.00,13597.86,116614.67,13597.86,116614.67,0.00,0.00,22256.00,107025.00,22256.00,107025.00,0.00,0.00,10.00,20.00,10.00,20.00,263435.00,116145.00,93002.93,52545.12,356437.93,168690.12,0.00,0.00,0.00,0.00,0.00,0.00,0.00,0.00,13597.86,116614.67,13597.86,116614.67,0.00,0.00,22256.00,107025.00,22256.00,107025.00,0.00,0.00,10.00,20.00,10.00,20.00,263435.00,116145.00,93002.93,52545.12,356437.93,168690.12,0.00,0.00,0.00,0.00,0.00,0.00,0.00,0.00,3.47,29.72,3.47,29.72,0.00,0.00,5.67,27.28,5.67,27.28,0.00,0.00,0.00,0.01,0.00,0.01,67.15,29.60,23.71,13.39,90.86,42.99,0.00,0.00,0.00,0.00,0.00,0.00,"44","258",".","87","0"
"ICE Futures Europe","IFEU","2026-03-06","2026-03-10T14:16:11.066000Z","SMT-Singapore Mogas 92 Unleaded (Platts) Future","SMT","NEWT","LOTS",0.00,0.00,31239.90,18211.30,31239.90,18211.30,0.00,0.00,4256.80,2558.50,4256.80,2558.50,0.00,0.00,0.00,0.00,0.00,0.00,77639.80,103981.60,41816.30,30673.90,119456.10,134655.50,0.00,0.00,0.00,0.00,0.00,0.00,0.00,0.00,2128.40,6013.90,2128.40,6013.90,0.00,0.00,-1316.00,-1223.50,-1316.00,-1223.50,0.00,0.00,0.00,0.00,0.00,0.00,-23148.90,-28372.50,-13508.00,-10240.70,-36656.90,-38613.20,0.00,0.00,0.00,0.00,0.00,0.00,0.00,0.00,20.15,11.71,20.15,11.71,0.00,0.00,2.75,1.65,2.75,1.65,0.00,0.00,0.00,0.00,0.00,0.00,50.11,66.90,26.99,19.74,77.10,86.64,0.00,0.00,0.00,0.00,0.00,0.00,"34","30","0","108","0"
"ICE Futures Europe","IFEU","2026-03-06","2026-03-10T14:16:11.066000Z","SFF-Singapore Jet Kerosene Cargoes (Platts) vs Dubai 1st Line (Platts) Future","SFF","NEWT","LOTS",0.00,0.00,771.00,145.00,771.00,145.00,0.00,0.00,205.00,0.00,205.00,0.00,0.00,0.00,0.00,0.00,0.00,0.00,0.00,2103.00,1827.00,555.00,1827.00,2658.00,0.00,0.00,0.00,0.00,0.00,0.00,0.00,0.00,-150.00,0.00,-150.00,0.00,0.00,0.00,-40.00,0.00,-40.00,0.00,0.00,0.00,0.00,0.00,0.00,0.00,-44.00,-166.00,-218.00,-286.00,-262.00,-452.00,0.00,0.00,0.00,0.00,0.00,0.00,0.00,0.00,27.51,5.17,27.51,5.17,0.00,0.00,7.31,0.00,7.31,0.00,0.00,0.00,0.00,0.00,0.00,0.00,0.00,75.03,65.18,19.80,65.18,94.83,0.00,0.00,0.00,0.00,0.00,0.00,"7",".","0","12","0"
"ICE Futures Europe","IFEU","2026-03-06","2026-03-10T14:16:11.066000Z","GDE-Premium Unleaded Gasoline 10ppm FOB Med Cargoes (Platts) vs Argus Eurobob Oxy FOB Rotterdam Barges Future","GDE","NEWT","LOTS",0.00,0.00,78.00,512.50,78.00,512.50,0.00,0.00,5.00,2.90,5.00,2.90,0.00,0.00,0.00,0.00,0.00,0.00,2152.60,1600.40,230.00,349.80,2382.60,1950.20,0.00,0.00,0.00,0.00,0.00,0.00,0.00,0.00,-3.00,149.50,-3.00,149.50,0.00,0.00,3.00,-2.10,3.00,-2.10,0.00,0.00,0.00,0.00,0.00,0.00,-66.80,-553.20,-60.20,37.30,-127.00,-515.90,0.00,0.00,0.00,0.00,0.00,0.00,0.00,0.00,3.16,20.78,3.16,20.78,0.00,0.00,0.20,0.12,0.20,0.12,0.00,0.00,0.00,0.00,0.00,0.00,87.31,64.91,9.33,14.19,96.64,79.10,0.00,0.00,0.00,0.00,0.00,0.00,"10",".","0","35","0"
"ICE Futures Europe","IFEU","2026-03-06","2026-03-10T14:16:11.066000Z","MF7-Fuel Oil Diff - Marine Fuel 0.5% FOB Singapore (Platts) vs Marine Fuel 0.5% FOB Rotterdam Barges (Platts) Future","MF7","NEWT","LOTS",0.00,0.00,1120.00,835.00,1120.00,835.00,0.00,0.00,150.00,46.00,150.00,46.00,0.00,0.00,0.00,0.00,0.00,0.00,2709.00,3119.00,2490.00,2469.00,5199.00,5588.00,0.00,0.00,0.00,0.00,0.00,0.00,0.00,0.00,-229.00,-11.00,-229.00,-11.00,0.00,0.00,-444.00,11.00,-444.00,11.00,0.00,0.00,0.00,0.00,0.00,0.00,-132.00,-834.00,-998.00,-355.00,-1130.00,-1189.00,0.00,0.00,0.00,0.00,0.00,0.00,0.00,0.00,17.31,12.91,17.31,12.91,0.00,0.00,2.32,0.71,2.32,0.71,0.00,0.00,0.00,0.00,0.00,0.00,41.88,48.21,38.49,38.17,80.37,86.38,0.00,0.00,0.00,0.00,0.00,0.00,"19","8","0","48","0"
"ICE Futures Europe","IFEU","2026-03-06","2026-03-10T14:16:11.066000Z","GDK-Singapore Mogas 92 Unleaded (Platts) vs Argus Eurobob Oxy FOB RDAM Barges Future","GDK","NEWT","LOTS",0.00,0.00,9780.00,11406.00,9780.00,11406.00,0.00,0.00,623.00,265.00,623.00,265.00,0.00,0.00,0.00,0.00,0.00,0.00,37193.00,36822.00,15305.00,14408.00,52498.00,51230.00,0.00,0.00,0.00,0.00,0.00,0.00,0.00,0.00,4094.00,-1481.00,4094.00,-1481.00,0.00,0.00,-5977.00,-670.00,-5977.00,-670.00,0.00,0.00,0.00,0.00,0.00,0.00,3666.00,6971.00,345.00,-1532.00,4011.00,5439.00,0.00,0.00,0.00,0.00,0.00,0.00,0.00,0.00,15.55,18.13,15.55,18.13,0.00,0.00,0.99,0.42,0.99,0.42,0.00,0.00,0.00,0.00,0.00,0.00,59.13,58.54,24.33,22.91,83.46,81.45,0.00,0.00,0.00,0.00,0.00,0.00,"13","7","0","46","0"
"ICE Futures Europe","IFEU","2026-03-06","2026-03-10T14:16:11.066000Z","ULF-ULSD 10ppm CIF NWE Cargoes vs Low Sulphur Gasoil 1st Line Future","ULF","NEWT","LOTS",0.00,0.00,1904.00,1983.00,1904.00,1983.00,0.00,0.00,1.00,348.00,1.00,348.00,0.00,0.00,0.00,0.00,0.00,0.00,3116.00,3028.00,1336.00,1018.00,4452.00,4046.00,0.00,0.00,0.00,0.00,0.00,0.00,0.00,0.00,-70.00,483.00,-70.00,483.00,0.00,0.00,0.00,-29.00,0.00,-29.00,0.00,0.00,0.00,0.00,0.00,0.00,114.00,-380.00,64.00,-313.00,178.00,-693.00,0.00,0.00,0.00,0.00,0.00,0.00,0.00,0.00,29.94,31.10,29.94,31.10,0.00,0.00,0.02,5.46,0.02,5.46,0.00,0.00,0.00,0.00,0.00,0.00,49.02,47.48,21.02,15.96,70.04,63.44,0.00,0.00,0.00,0.00,0.00,0.00,"23",".","0","47","0"
"ICE Futures Europe","IFEU","2026-03-06","2026-03-10T14:16:11.066000Z","ULJ-Jet CIF NWE Cargoes vs Low Sulphur Gasoil 1st Line Future","ULJ","NEWT","LOTS",0.00,0.00,13020.00,810.00,13020.00,810.00,0.00,0.00,369.00,1803.00,369.00,1803.00,0.00,0.00,0.00,0.00,0.00,0.00,3733.00,8873.00,1425.00,7051.00,5158.00,15924.00,0.00,0.00,0.00,0.00,0.00,0.00,0.00,0.00,-374.00,-81.00,-374.00,-81.00,0.00,0.00,-63.00,293.00,-63.00,293.00,0.00,0.00,0.00,0.00,0.00,0.00,-1090.00,-830.00,91.00,-571.00,-999.00,-1401.00,0.00,0.00,0.00,0.00,0.00,0.00,0.00,0.00,70.20,4.36,70.20,4.36,0.00,0.00,1.99,9.73,1.99,9.73,0.00,0.00,0.00,0.00,0.00,0.00,20.13,47.87,7.68,38.04,27.81,85.91,0.00,0.00,0.00,0.00,0.00,0.00,"27","21","0","62","0"
"ICE Futures Europe","IFEU","2026-03-06","2026-03-10T14:16:11.066000Z","WDF-Dirty FFA - USGC to UK-Continent (Platts) Future","WDF","NEWT","LOTS",0.00,0.00,1115.00,144.00,1115.00,144.00,0.00,0.00,2042.00,389.00,2042.00,389.00,0.00,0.00,0.00,0.00,0.00,0.00,23367.00,20753.00,13690.00,18963.00,37057.00,39716.00,0.00,0.00,0.00,0.00,0.00,0.00,0.00,0.00,-238.00,4.00,-238.00,4.00,0.00,0.00,-3074.00,-1106.00,-3074.00,-1106.00,0.00,0.00,0.00,0.00,0.00,0.00,-277.00,-2837.00,-1239.00,-942.00,-1516.00,-3779.00,0.00,0.00,0.00,0.00,0.00,0.00,0.00,0.00,2.77,0.36,2.77,0.36,0.00,0.00,5.08,0.97,5.08,0.97,0.00,0.00,0.00,0.00,0.00,0.00,58.11,51.56,34.04,47.11,92.15,98.67,0.00,0.00,0.00,0.00,0.00,0.00,"10","15","0","62","0"
"ICE Futures Europe","IFEU","2026-03-06","2026-03-10T14:16:11.066000Z","ULE-Diesel 10ppm FOB Rotterdam Barges vs Low Sulphur Gasoil 1st Line Future","ULE","NEWT","LOTS",0.00,0.00,728.00,244.00,728.00,244.00,0.00,0.00,0.00,144.00,0.00,144.00,0.00,0.00,0.00,0.00,0.00,0.00,2050.00,1645.00,612.00,1357.00,2662.00,3002.00,0.00,0.00,0.00,0.00,0.00,0.00,0.00,0.00,-39.00,-40.00,-39.00,-40.00,0.00,0.00,0.00,-108.00,0.00,-108.00,0.00,0.00,0.00,0.00,0.00,0.00,-734.00,618.00,192.00,-969.00,-542.00,-351.00,0.00,0.00,0.00,0.00,0.00,0.00,0.00,0.00,21.48,7.19,21.48,7.19,0.00,0.00,0.00,4.25,0.00,4.25,0.00,0.00,0.00,0.00,0.00,0.00,60.47,48.53,18.05,40.03,78.52,88.56,0.00,0.00,0.00,0.00,0.00,0.00,"14",".","0","26","0"
"ICE Futures Europe","IFEU","2026-03-06","2026-03-10T14:16:11.066000Z","EOB-Argus Euro-Bob Oxy FOB Rotterdam Barges vs Brent 1st Line Future","EOB","NEWT","LOTS",0.00,0.00,629.00,546.00,629.00,546.00,0.00,0.00,28.00,0.00,28.00,0.00,0.00,0.00,0.00,0.00,0.00,0.00,685.00,1424.00,999.00,371.00,1684.00,1795.00,0.00,0.00,0.00,0.00,0.00,0.00,0.00,0.00,108.00,-41.00,108.00,-41.00,0.00,0.00,4.00,0.00,4.00,0.00,0.00,0.00,0.00,0.00,0.00,0.00,-123.00,26.00,42.00,6.00,-81.00,32.00,0.00,0.00,0.00,0.00,0.00,0.00,0.00,0.00,26.87,23.32,26.87,23.32,0.00,0.00,1.20,0.00,1.20,0.00,0.00,0.00,0.00,0.00,0.00,0.00,29.26,60.83,42.67,15.85,71.93,76.68,0.00,0.00,0.00,0.00,0.00,0.00,"15",".","0","36","0"
"ICE Futures Europe","IFEU","2026-03-06","2026-03-10T14:16:11.066000Z","WNS-TC2 FFA - Northwest Europe to USAC (Baltic) Future","WNS","NEWT","LOTS",0.00,0.00,158.00,160.00,158.00,160.00,0.00,0.00,901.00,55.00,901.00,55.00,0.00,0.00,0.00,0.00,0.00,0.00,4232.00,7018.00,3681.00,1739.00,7913.00,8757.00,0.00,0.00,0.00,0.00,0.00,0.00,0.00,0.00,80.00,-287.00,80.00,-287.00,0.00,0.00,37.00,-115.00,37.00,-115.00,0.00,0.00,0.00,0.00,0.00,0.00,-472.00,-1140.00,-901.00,40.00,-1373.00,-1100.00,0.00,0.00,0.00,0.00,0.00,0.00,0.00,0.00,1.76,1.79,1.76,1.79,0.00,0.00,10.04,0.61,10.04,0.61,0.00,0.00,0.00,0.00,0.00,0.00,47.17,78.22,41.03,19.38,88.20,97.60,0.00,0.00,0.00,0.00,0.00,0.00,".","11","0","35","0"
"ICE Futures Europe","IFEU","2026-03-06","2026-03-10T14:16:11.066000Z","T-West Texas Intermediate Light Sweet Crude Future","T","NEWT","LOTS",0.00,0.00,284130.88,354012.31,284130.88,354012.31,0.00,0.00,62860.19,80579.14,62860.19,80579.14,0.00,0.00,416.00,5.00,416.00,5.00,248390.88,217937.30,251582.43,195112.93,499973.31,413050.23,0.00,0.00,0.00,0.00,0.00,0.00,0.00,0.00,3333.74,44964.47,3333.74,44964.47,0.00,0.00,4066.15,-2460.68,4066.15,-2460.68,0.00,0.00,-306.00,-49.00,-306.00,-49.00,3042.50,2350.48,23865.56,-10545.08,26908.06,-8194.60,0.00,0.00,0.00,0.00,0.00,0.00,0.00,0.00,33.53,41.76,33.53,41.76,0.00,0.00,7.42,9.51,7.42,9.51,0.00,0.00,0.05,0.00,0.05,0.00,29.31,25.71,29.69,23.02,59.00,48.73,0.00,0.00,0.00,0.00,0.00,0.00,"110","227","6","363","0"
"ICE Futures Europe","IFEU","2026-03-06","2026-03-10T14:16:11.066000Z","SYS-Fuel Oil 380 CST Singapore Future","SYS","NEWT","LOTS",0.00,0.00,6774.40,8123.80,6774.40,8123.80,0.00,0.00,1039.10,813.40,1039.10,813.40,0.00,0.00,0.00,0.00,0.00,0.00,11339.80,13164.20,14322.90,11396.80,25662.70,24561.00,0.00,0.00,0.00,0.00,0.00,0.00,0.00,0.00,-425.10,-1203.20,-425.10,-1203.20,0.00,0.00,-652.50,-584.60,-652.50,-584.60,0.00,0.00,0.00,0.00,0.00,0.00,-5137.40,-3215.00,-2450.00,-3268.60,-7587.40,-6483.60,0.00,0.00,0.00,0.00,0.00,0.00,0.00,0.00,20.24,24.25,20.24,24.25,0.00,0.00,3.10,2.43,3.10,2.43,0.00,0.00,0.00,0.00,0.00,0.00,33.87,39.30,42.79,34.02,76.66,73.32,0.00,0.00,0.00,0.00,0.00,0.00,"56","27","0","154","0"
"ICE Futures Europe","IFEU","2026-03-06","2026-03-10T14:16:11.066000Z","NOB-Naphtha CIF NWE Cargoes vs Brent 1st Line Future","NOB","NEWT","LOTS",0.00,0.00,514.00,1310.00,514.00,1310.00,0.00,0.00,142.00,184.00,142.00,184.00,0.00,0.00,0.00,0.00,0.00,0.00,2559.00,1884.00,2074.00,1911.00,4633.00,3795.00,0.00,0.00,0.00,0.00,0.00,0.00,0.00,0.00,-234.00,114.00,-234.00,114.00,0.00,0.00,13.00,-168.00,13.00,-168.00,0.00,0.00,0.00,0.00,0.00,0.00,-313.00,-386.00,-101.00,-164.00,-414.00,-550.00,0.00,0.00,0.00,0.00,0.00,0.00,0.00,0.00,9.73,24.77,9.73,24.77,0.00,0.00,2.68,3.48,2.68,3.48,0.00,0.00,0.00,0.00,0.00,0.00,48.38,35.62,39.21,36.13,87.59,71.75,0.00,0.00,0.00,0.00,0.00,0.00,"20","11","0","58","0"
"ICE Futures Europe","IFEU","2026-03-06","2026-03-10T14:16:11.066000Z","TEY-Fuel Oil Diff - Fuel Oil 380 CST Singapore (Platts) vs 3.5% FOB Rotterdam Barges (Platts) Mini Future","TEY","NEWT","LOTS",0.00,0.00,1344.00,510.00,1344.00,510.00,0.00,0.00,39.00,12.00,39.00,12.00,0.00,0.00,0.00,0.00,0.00,0.00,270.00,415.00,228.00,944.00,498.00,1359.00,0.00,0.00,0.00,0.00,0.00,0.00,0.00,0.00,-112.00,28.00,-112.00,28.00,0.00,0.00,-30.00,-20.00,-30.00,-20.00,0.00,0.00,0.00,0.00,0.00,0.00,45.00,-10.00,-44.00,-143.00,1.00,-153.00,0.00,0.00,0.00,0.00,0.00,0.00,0.00,0.00,71.46,27.11,71.46,27.11,0.00,0.00,2.07,0.64,2.07,0.64,0.00,0.00,0.00,0.00,0.00,0.00,14.35,22.06,12.12,50.19,26.47,72.25,0.00,0.00,0.00,0.00,0.00,0.00,"19",".","0","23","0"
"ICE Futures Europe","IFEU","2026-03-06","2026-03-10T14:16:11.066000Z","JNB-Jet CIF NWE Cargoes vs Brent 1st Line Future","JNB","NEWT","LOTS",0.00,0.00,11357.00,695.00,11357.00,695.00,0.00,0.00,770.00,11027.00,770.00,11027.00,0.00,0.00,0.00,0.00,0.00,0.00,4717.00,2404.00,3367.00,6085.00,8084.00,8489.00,0.00,0.00,0.00,0.00,0.00,0.00,0.00,0.00,1545.00,290.00,1545.00,290.00,0.00,0.00,-275.00,-1030.00,-275.00,-1030.00,0.00,0.00,0.00,0.00,0.00,0.00,-577.00,9.00,1416.00,2840.00,839.00,2849.00,0.00,0.00,0.00,0.00,0.00,0.00,0.00,0.00,56.19,3.44,56.19,3.44,0.00,0.00,3.81,54.56,3.81,54.56,0.00,0.00,0.00,0.00,0.00,0.00,23.34,11.89,16.66,30.11,40.00,42.00,0.00,0.00,0.00,0.00,0.00,0.00,"13","10","0","11","0"
"ICE Futures Europe","IFEU","2026-03-06","2026-03-10T14:16:11.066000Z","STB-Singapore Mogas 92 Unleaded vs Brent 1st Line Future","STB","NEWT","LOTS",0.00,0.00,8047.00,30390.00,8047.00,30390.00,0.00,0.00,6751.00,2037.00,6751.00,2037.00,0.00,0.00,0.00,0.00,0.00,0.00,45445.00,24434.00,22091.00,25473.00,67536.00,49907.00,0.00,0.00,0.00,0.00,0.00,0.00,0.00,0.00,-1873.00,-4562.00,-1873.00,-4562.00,0.00,0.00,-1436.00,-1273.00,-1436.00,-1273.00,0.00,0.00,0.00,0.00,0.00,0.00,-1344.00,-2920.00,-3580.00,606.00,-4924.00,-2314.00,0.00,0.00,0.00,0.00,0.00,0.00,0.00,0.00,9.77,36.91,9.77,36.91,0.00,0.00,8.20,2.47,8.20,2.47,0.00,0.00,0.00,0.00,0.00,0.00,55.20,29.68,26.83,30.94,82.03,60.62,0.00,0.00,0.00,0.00,0.00,0.00,"23","21","0","64","0"
"ICE Futures Europe","IFEU","2026-03-06","2026-03-10T14:16:11.066000Z","FDJ-Fuel Oil Diff - Fuel Oil 3.5% FOB Med Cargoes (Platts) vs Fuel Oil 3.5% FOB Rotterdam Barges (Platts) Mini Future","FDJ","NEWT","LOTS",0.00,0.00,230.00,230.00,230.00,230.00,0.00,0.00,0.00,0.00,0.00,0.00,0.00,0.00,0.00,0.00,0.00,0.00,205.00,435.00,344.00,114.00,549.00,549.00,0.00,0.00,0.00,0.00,0.00,0.00,0.00,0.00,-12.00,42.00,-12.00,42.00,0.00,0.00,0.00,0.00,0.00,0.00,0.00,0.00,0.00,0.00,0.00,0.00,-55.00,-103.00,10.00,4.00,-45.00,-99.00,0.00,0.00,0.00,0.00,0.00,0.00,0.00,0.00,29.52,29.53,29.52,29.53,0.00,0.00,0.00,0.00,0.00,0.00,0.00,0.00,0.00,0.00,0.00,0.00,26.32,55.84,44.16,14.63,70.48,70.47,0.00,0.00,0.00,0.00,0.00,0.00,"7","0","0","13","0"
"ICE Futures Europe","IFEU","2026-03-06","2026-03-10T14:16:11.066000Z","SWW-Gasoil Arb - Singapore Gasoil 0.05% (Platts) vs Low Sulphur Gasoil 1st Line Future (in Bbls)","SWW","NEWT","LOTS",0.00,0.00,3356.00,85.00,3356.00,85.00,0.00,0.00,18.00,0.00,18.00,0.00,0.00,0.00,0.00,0.00,0.00,0.00,875.00,9310.00,5666.00,545.00,6541.00,9855.00,0.00,0.00,0.00,0.00,0.00,0.00,0.00,0.00,3100.00,-165.00,3100.00,-165.00,0.00,0.00,18.00,0.00,18.00,0.00,0.00,0.00,0.00,0.00,0.00,0.00,430.00,8619.00,4926.00,45.00,5356.00,8664.00,0.00,0.00,0.00,0.00,0.00,0.00,0.00,0.00,33.84,0.86,33.84,0.86,0.00,0.00,0.18,0.00,0.18,0.00,0.00,0.00,0.00,0.00,0.00,0.00,8.83,93.66,57.15,5.48,65.98,99.14,0.00,0.00,0.00,0.00,0.00,0.00,"13",".","0","23","0"
"ICE Futures Europe","IFEU","2026-03-06","2026-03-10T14:16:11.066000Z","BRI-Argus Biodiesel RME FOB Rotterdam (RED Compliant) vs LSGO 1st Line Future","BRI","NEWT","LOTS",0.00,0.00,240.00,280.00,240.00,280.00,0.00,0.00,40.00,0.00,40.00,0.00,0.00,0.00,0.00,0.00,0.00,0.00,6205.00,7095.00,2308.00,1418.00,8513.00,8513.00,0.00,0.00,0.00,0.00,0.00,0.00,0.00,0.00,0.00,-280.00,0.00,-280.00,0.00,0.00,0.00,0.00,0.00,0.00,0.00,0.00,0.00,0.00,0.00,0.00,-1430.00,-1735.00,-763.00,-178.00,-2193.00,-1913.00,0.00,0.00,0.00,0.00,0.00,0.00,0.00,0.00,2.73,3.18,2.73,3.18,0.00,0.00,0.45,0.00,0.45,0.00,0.00,0.00,0.00,0.00,0.00,0.00,70.57,80.69,26.25,16.13,96.82,96.82,0.00,0.00,0.00,0.00,0.00,0.00,".",".","0","42","0"
"ICE Futures Europe","IFEU","2026-03-06","2026-03-10T14:16:11.066000Z","EON-Argus Euro-Bob Oxy FOB Rotterdam Barges vs Naphtha CIF NWE Cargoes Future","EON","NEWT","LOTS",0.00,0.00,535.80,497.40,535.80,497.40,0.00,0.00,5.00,77.50,5.00,77.50,0.00,0.00,0.00,0.00,0.00,0.00,1060.30,1306.20,943.50,663.50,2003.80,1969.70,0.00,0.00,0.00,0.00,0.00,0.00,0.00,0.00,-307.50,77.50,-307.50,77.50,0.00,0.00,5.00,-2.50,5.00,-2.50,0.00,0.00,0.00,0.00,0.00,0.00,-105.00,-175.00,55.50,-96.00,-49.50,-271.00,0.00,0.00,0.00,0.00,0.00,0.00,0.00,0.00,21.05,19.55,21.05,19.55,0.00,0.00,0.20,3.05,0.20,3.05,0.00,0.00,0.00,0.00,0.00,0.00,41.67,51.33,37.08,26.07,78.75,77.40,0.00,0.00,0.00,0.00,0.00,0.00,"9",".","0","37","0"
"ICE Futures Europe","IFEU","2026-03-06","2026-03-10T14:16:11.066000Z","UKA-UKA Futures","UKA","NEWT","LOTS",0.00,0.00,11344.93,54812.57,11344.93,54812.57,0.00,0.00,23066.12,3799.93,23066.12,3799.93,0.00,0.00,784.00,0.00,784.00,0.00,24048.19,1284.36,2715.32,93.70,26763.51,1378.06,74.00,2257.00,332.00,113.00,406.00,2370.00,0.00,0.00,315.24,-225.13,315.24,-225.13,0.00,0.00,51.43,456.15,51.43,456.15,0.00,0.00,-89.00,0.00,-89.00,0.00,10.40,-72.07,-0.08,-114.96,10.32,-187.03,-34.00,185.00,18.00,39.00,-16.00,224.00,0.00,0.00,18.19,87.90,18.19,87.90,0.00,0.00,36.99,6.09,36.99,6.09,0.00,0.00,1.26,0.00,1.26,0.00,38.56,2.06,4.35,0.15,42.91,2.21,0.12,3.62,0.53,0.18,0.65,3.80,"43","124","7","71","6"
"ICE Futures Europe","IFEU","2026-03-06","2026-03-10T14:16:11.066000Z","FQY-Fuel Oil Crack - Fuel Oil 3.5% FOB Rotterdam Barges vs Brent 1st Line Mini Future (in MTs)","FQY","NEWT","LOTS",0.00,0.00,370.00,445.00,370.00,445.00,0.00,0.00,70.00,0.00,70.00,0.00,0.00,0.00,0.00,0.00,0.00,0.00,20.00,90.00,135.00,60.00,155.00,150.00,0.00,0.00,0.00,0.00,0.00,0.00,0.00,0.00,0.00,19.00,0.00,19.00,0.00,0.00,-10.00,0.00,-10.00,0.00,0.00,0.00,0.00,0.00,0.00,0.00,-40.00,0.00,39.00,-10.00,-1.00,-10.00,0.00,0.00,0.00,0.00,0.00,0.00,0.00,0.00,62.19,74.79,62.19,74.79,0.00,0.00,11.76,0.00,11.76,0.00,0.00,0.00,0.00,0.00,0.00,0.00,3.36,15.13,22.69,10.08,26.05,25.21,0.00,0.00,0.00,0.00,0.00,0.00,"13",".","0","9","0"
"ICE Futures Europe","IFEU","2026-03-06","2026-03-10T14:16:11.066000Z","MDG-Fuel Oil Diff - Marine Fuel 0.5% FOB Singapore (Platts) vs Fuel Oil 380 CST Singapore (Platts) Mini Future","MDG","NEWT","LOTS",0.00,0.00,325.00,100.00,325.00,100.00,0.00,0.00,25.00,20.00,25.00,20.00,0.00,0.00,0.00,0.00,0.00,0.00,110.00,517.00,237.00,60.00,347.00,577.00,0.00,0.00,0.00,0.00,0.00,0.00,0.00,0.00,-85.00,-150.00,-85.00,-150.00,0.00,0.00,-35.00,-60.00,-35.00,-60.00,0.00,0.00,0.00,0.00,0.00,0.00,-130.00,-127.00,-87.00,0.00,-217.00,-127.00,0.00,0.00,0.00,0.00,0.00,0.00,0.00,0.00,46.63,14.34,46.63,14.34,0.00,0.00,3.59,2.87,3.59,2.87,0.00,0.00,0.00,0.00,0.00,0.00,15.78,74.18,34.00,8.61,49.78,82.79,0.00,0.00,0.00,0.00,0.00,0.00,"8",".","0","18","0"
"ICE Futures Europe","IFEU","2026-03-06","2026-03-10T14:16:11.066000Z","ULI-ULSD 10ppm CIF Med Cargoes vs Low Sulphur Gasoil 1st Line Future","ULI","NEWT","LOTS",0.00,0.00,300.00,1959.00,300.00,1959.00,0.00,0.00,10.00,0.00,10.00,0.00,0.00,0.00,0.00,0.00,0.00,0.00,2904.00,1701.00,693.00,242.00,3597.00,1943.00,0.00,0.00,0.00,0.00,0.00,0.00,0.00,0.00,-233.00,494.00,-233.00,494.00,0.00,0.00,-10.00,0.00,-10.00,0.00,0.00,0.00,0.00,0.00,0.00,0.00,141.00,-807.00,-286.00,108.00,-145.00,-699.00,0.00,0.00,0.00,0.00,0.00,0.00,0.00,0.00,7.67,50.21,7.67,50.21,0.00,0.00,0.26,0.00,0.26,0.00,0.00,0.00,0.00,0.00,0.00,0.00,74.33,43.59,17.74,6.20,92.07,49.79,0.00,0.00,0.00,0.00,0.00,0.00,"17",".","0","46","0"
"ICE Futures Europe","IFEU","2026-03-06","2026-03-10T14:16:11.066000Z","TEN-Fuel Oil Crack - Marine Fuel 0.5% FOB Singapore (Platts) vs Brent 1st Line Future (in MTs)","TEN","NEWT","LOTS",0.00,0.00,1183.00,1220.00,1183.00,1220.00,0.00,0.00,776.00,214.00,776.00,214.00,0.00,0.00,0.00,0.00,0.00,0.00,2585.00,2499.00,1935.00,2546.00,4520.00,5045.00,0.00,0.00,0.00,0.00,0.00,0.00,0.00,0.00,-107.00,-309.00,-107.00,-309.00,0.00,0.00,-48.00,-49.00,-48.00,-49.00,0.00,0.00,0.00,0.00,0.00,0.00,-67.00,-72.00,-302.00,69.00,-369.00,-3.00,0.00,0.00,0.00,0.00,0.00,0.00,0.00,0.00,18.25,18.83,18.25,18.83,0.00,0.00,11.98,3.30,11.98,3.30,0.00,0.00,0.00,0.00,0.00,0.00,39.90,38.57,29.87,39.30,69.77,77.87,0.00,0.00,0.00,0.00,0.00,0.00,"28","8","0","54","0"
"ICE Futures Europe","IFEU","2026-03-06","2026-03-10T14:16:11.066000Z","MF3-Fuel Oil Outright - Marine Fuel 0.5% FOB Rotterdam Barges (Platts) Future","MF3","NEWT","LOTS",0.00,0.00,2771.10,3130.20,2771.10,3130.20,0.00,0.00,388.00,48.60,388.00,48.60,0.00,0.00,0.00,0.00,0.00,0.00,5878.20,6167.40,8341.90,8030.00,14220.10,14197.40,0.00,0.00,0.00,0.00,0.00,0.00,0.00,0.00,-993.70,-230.80,-993.70,-230.80,0.00,0.00,-125.20,-55.40,-125.20,-55.40,0.00,0.00,0.00,0.00,0.00,0.00,-1579.10,-1259.70,-1161.70,-1214.60,-2740.80,-2474.30,0.00,0.00,0.00,0.00,0.00,0.00,0.00,0.00,15.95,18.02,15.95,18.02,0.00,0.00,2.23,0.28,2.23,0.28,0.00,0.00,0.00,0.00,0.00,0.00,33.82,35.49,48.00,46.21,81.82,81.70,0.00,0.00,0.00,0.00,0.00,0.00,"30","11","0","126","0"
"ICE Futures Europe","IFEU","2026-03-06","2026-03-10T14:16:11.066000Z","BOA-Fuel Oil 3.5% FOB Rotterdam Barges vs Brent 1st Line Future (in Bbls)","BOA","NEWT","LOTS",0.00,0.00,16386.90,9766.00,16386.90,9766.00,0.00,0.00,296.00,5589.30,296.00,5589.30,0.00,0.00,0.00,0.00,0.00,0.00,5111.00,4945.00,13283.00,15062.60,18394.00,20007.60,0.00,0.00,0.00,0.00,0.00,0.00,0.00,0.00,-1323.00,-895.50,-1323.00,-895.50,0.00,0.00,-456.50,110.60,-456.50,110.60,0.00,0.00,0.00,0.00,0.00,0.00,-603.50,-483.00,289.50,-1104.60,-314.00,-1587.60,0.00,0.00,0.00,0.00,0.00,0.00,0.00,0.00,46.72,27.62,46.72,27.62,0.00,0.00,0.84,15.81,0.84,15.81,0.00,0.00,0.00,0.00,0.00,0.00,14.57,13.98,37.87,42.59,52.44,56.57,0.00,0.00,0.00,0.00,0.00,0.00,"35","20","0","56","0"
"ICE Futures Europe","IFEU","2026-03-06","2026-03-10T14:16:11.066000Z","TEO-Fuel Oil Crack - Marine Fuel 0.5% FOB Rotterdam Barges (Platts) vs Brent 1st Line Future (in MTs)","TEO","NEWT","LOTS",0.00,0.00,1019.00,843.00,1019.00,843.00,0.00,0.00,60.00,23.00,60.00,23.00,0.00,0.00,0.00,0.00,0.00,0.00,1718.00,1799.00,1261.00,1393.00,2979.00,3192.00,0.00,0.00,0.00,0.00,0.00,0.00,0.00,0.00,-115.00,-65.00,-115.00,-65.00,0.00,0.00,-28.00,0.00,-28.00,0.00,0.00,0.00,0.00,0.00,0.00,0.00,-156.00,-173.00,-300.00,-339.00,-456.00,-512.00,0.00,0.00,0.00,0.00,0.00,0.00,0.00,0.00,25.11,20.77,25.11,20.77,0.00,0.00,1.48,0.57,1.48,0.57,0.00,0.00,0.00,0.00,0.00,0.00,42.34,44.33,31.07,34.33,73.41,78.66,0.00,0.00,0.00,0.00,0.00,0.00,"23",".","0","41","0"
"ICE Futures Europe","IFEU","2026-03-06","2026-03-10T14:16:11.066000Z","WHK-TC14 FFA - USGC to Continent (Baltic) Future","WHK","NEWT","LOTS",0.00,0.00,125.00,482.00,125.00,482.00,0.00,0.00,254.00,0.00,254.00,0.00,0.00,0.00,0.00,0.00,0.00,0.00,5523.00,7300.00,2917.00,2591.00,8440.00,9891.00,0.00,0.00,0.00,0.00,0.00,0.00,0.00,0.00,17.00,-323.00,17.00,-323.00,0.00,0.00,-113.00,-10.00,-113.00,-10.00,0.00,0.00,0.00,0.00,0.00,0.00,80.00,1444.00,447.00,93.00,527.00,1537.00,0.00,0.00,0.00,0.00,0.00,0.00,0.00,0.00,1.41,4.64,1.41,4.64,0.00,0.00,2.88,0.00,2.88,0.00,0.00,0.00,0.00,0.00,0.00,0.00,62.63,70.38,33.08,24.98,95.71,95.36,0.00,0.00,0.00,0.00,0.00,0.00,".","8","0","46","0"
"ICE Futures Europe","IFEU","2026-03-06","2026-03-10T14:16:11.066000Z","WSN-TC6 FFA - Skikda to Lavera (Cross Med) (Baltic) Future","WSN","NEWT","LOTS",0.00,0.00,47.00,101.00,47.00,101.00,0.00,0.00,10.00,0.00,10.00,0.00,0.00,0.00,0.00,0.00,0.00,0.00,4360.00,1320.00,1371.00,3967.00,5731.00,5287.00,0.00,0.00,0.00,0.00,0.00,0.00,0.00,0.00,10.00,-98.00,10.00,-98.00,0.00,0.00,-5.00,0.00,-5.00,0.00,0.00,0.00,0.00,0.00,0.00,0.00,957.00,-789.00,-1257.00,771.00,-300.00,-18.00,0.00,0.00,0.00,0.00,0.00,0.00,0.00,0.00,0.81,1.87,0.81,1.87,0.00,0.00,0.17,0.00,0.17,0.00,0.00,0.00,0.00,0.00,0.00,0.00,75.33,24.50,23.69,73.63,99.02,98.13,0.00,0.00,0.00,0.00,0.00,0.00,".",".","0","24","0"
"ICE Futures Europe","IFEU","2026-03-06","2026-03-10T14:16:11.066000Z","MFR-Fuel Oil Crack - Marine Fuel 0.5% FOB Rotterdam Barges (Platts) vs Brent 1st Line Future (in Bbls)","MFR","NEWT","LOTS",0.00,0.00,8782.00,8592.00,8782.00,8592.00,0.00,0.00,2039.00,184.00,2039.00,184.00,0.00,0.00,0.00,0.00,0.00,0.00,8584.00,7729.00,9788.00,12696.00,18372.00,20425.00,0.00,0.00,0.00,0.00,0.00,0.00,0.00,0.00,-1224.00,-401.00,-1224.00,-401.00,0.00,0.00,109.00,-281.00,109.00,-281.00,0.00,0.00,0.00,0.00,0.00,0.00,814.00,224.00,-1884.00,-1074.00,-1070.00,-850.00,0.00,0.00,0.00,0.00,0.00,0.00,0.00,0.00,30.09,29.42,30.09,29.42,0.00,0.00,6.98,0.63,6.98,0.63,0.00,0.00,0.00,0.00,0.00,0.00,29.40,26.47,33.53,43.48,62.93,69.95,0.00,0.00,0.00,0.00,0.00,0.00,"31","10","0","51","0"
"ICE Futures Europe","IFEU","2026-03-06","2026-03-10T14:16:11.066000Z","DBF-Dated Brent vs Brent 1st Line Future","DBF","NEWT","LOTS",0.00,0.00,170463.00,154151.00,170463.00,154151.00,0.00,0.00,22258.00,25017.00,22258.00,25017.00,0.00,0.00,0.00,0.00,0.00,0.00,179847.00,209639.00,159042.00,142896.00,338889.00,352535.00,0.00,0.00,0.00,0.00,0.00,0.00,0.00,0.00,-32794.00,14438.00,-32794.00,14438.00,0.00,0.00,-16497.00,-29477.00,-16497.00,-29477.00,0.00,0.00,0.00,0.00,0.00,0.00,-22390.00,-96491.00,-4540.00,11360.00,-26930.00,-85131.00,0.00,0.00,0.00,0.00,0.00,0.00,0.00,0.00,32.06,28.98,32.06,28.98,0.00,0.00,4.19,4.71,4.19,4.71,0.00,0.00,0.00,0.00,0.00,0.00,33.83,39.43,29.92,26.88,63.75,66.31,0.00,0.00,0.00,0.00,0.00,0.00,"48","16","0","108","0"
"ICE Futures Europe","IFEU","2026-03-06","2026-03-10T14:16:11.066000Z","SJS-Fuel Oil 380 CST Singapore vs 3.5% FOB Rotterdam Barges Future","SJS","NEWT","LOTS",0.00,0.00,2598.00,5107.00,2598.00,5107.00,0.00,0.00,233.00,137.00,233.00,137.00,0.00,0.00,0.00,0.00,0.00,0.00,4039.00,2428.00,5885.00,5089.00,9924.00,7517.00,0.00,0.00,0.00,0.00,0.00,0.00,0.00,0.00,-1270.00,-436.00,-1270.00,-436.00,0.00,0.00,-222.00,-8.00,-222.00,-8.00,0.00,0.00,0.00,0.00,0.00,0.00,-136.00,-1298.00,-168.00,-69.00,-304.00,-1367.00,0.00,0.00,0.00,0.00,0.00,0.00,0.00,0.00,20.36,40.02,20.36,40.02,0.00,0.00,1.83,1.07,1.83,1.07,0.00,0.00,0.00,0.00,0.00,0.00,31.67,19.03,46.14,39.88,77.81,58.91,0.00,0.00,0.00,0.00,0.00,0.00,"34","16","0","64","0"
"ICE Futures Europe","IFEU","2026-03-06","2026-03-10T14:16:11.066000Z","SMD-Singapore Mogas 95 Unleaded vs Singapore Mogas 92 Unleaded Future","SMD","NEWT","LOTS",0.00,0.00,348.00,3756.00,348.00,3756.00,0.00,0.00,0.00,0.00,0.00,0.00,0.00,0.00,0.00,0.00,0.00,0.00,8806.00,4357.00,1400.00,2441.00,10206.00,6798.00,0.00,0.00,0.00,0.00,0.00,0.00,0.00,0.00,-105.00,-365.00,-105.00,-365.00,0.00,0.00,0.00,0.00,0.00,0.00,0.00,0.00,0.00,0.00,0.00,0.00,-1881.00,-1256.00,-96.00,-636.00,-1977.00,-1892.00,0.00,0.00,0.00,0.00,0.00,0.00,0.00,0.00,3.29,35.59,3.29,35.59,0.00,0.00,0.00,0.00,0.00,0.00,0.00,0.00,0.00,0.00,0.00,0.00,83.44,41.28,13.27,23.13,96.71,64.41,0.00,0.00,0.00,0.00,0.00,0.00,"13","0","0","32","0"
"ICE Futures Europe","IFEU","2026-03-06","2026-03-10T14:16:11.066000Z","TDC-TD20 West Africa to UK-Continent (Baltic) Future","TDC","NEWT","LOTS",0.00,0.00,1343.00,30.00,1343.00,30.00,90.00,0.00,213.00,54.00,303.00,54.00,0.00,0.00,0.00,0.00,0.00,0.00,14138.00,9912.00,6349.00,11817.00,20487.00,21729.00,0.00,0.00,0.00,0.00,0.00,0.00,0.00,0.00,454.00,-5.00,454.00,-5.00,0.00,0.00,-171.00,-31.00,-171.00,-31.00,0.00,0.00,0.00,0.00,0.00,0.00,-320.00,-319.00,-889.00,-777.00,-1209.00,-1096.00,0.00,0.00,0.00,0.00,0.00,0.00,0.00,0.00,6.06,0.14,6.06,0.14,0.41,0.00,0.96,0.25,1.37,0.25,0.00,0.00,0.00,0.00,0.00,0.00,63.88,45.44,28.69,54.17,92.57,99.61,0.00,0.00,0.00,0.00,0.00,0.00,"6","7","0","41","0"
"ICE Futures Europe","IFEU","2026-03-06","2026-03-10T14:16:11.066000Z","CP1-CORSIA Eligible Emissions Units (2024-2026) Futures","CP1","NEWT","LOTS",0.00,0.00,195.00,52.00,195.00,52.00,0.00,0.00,1.00,125.00,1.00,125.00,0.00,0.00,0.00,0.00,0.00,0.00,65.00,281.00,276.00,79.00,341.00,360.00,0.00,0.00,0.00,0.00,0.00,0.00,0.00,0.00,16.00,0.00,16.00,0.00,0.00,0.00,0.00,42.00,0.00,42.00,0.00,0.00,0.00,0.00,0.00,0.00,0.00,0.00,26.00,0.00,26.00,0.00,0.00,0.00,0.00,0.00,0.00,0.00,0.00,0.00,36.31,9.68,36.31,9.68,0.00,0.00,0.19,23.28,0.19,23.28,0.00,0.00,0.00,0.00,0.00,0.00,12.10,52.33,51.40,14.71,63.50,67.04,0.00,0.00,0.00,0.00,0.00,0.00,"7",".","0","13","0"
"ICE Futures Europe","IFEU","2026-03-06","2026-03-10T14:16:11.066000Z","G-Gasoil Future","G","NEWT","LOTS",0.00,0.00,408029.32,422966.13,408029.32,422966.13,9.00,7.00,165978.94,71920.48,165987.94,71927.48,0.00,0.00,8398.00,400.00,8398.00,400.00,201427.17,283239.09,139652.74,151618.01,341079.91,434857.10,0.00,0.00,0.00,0.00,0.00,0.00,0.00,0.00,-38752.91,-7731.81,-38752.91,-7731.81,9.00,7.00,-79735.86,-52297.29,-79726.86,-52290.29,0.00,0.00,-1797.00,-165.00,-1797.00,-165.00,22309.21,-18635.48,-59834.03,-72345.47,-37524.82,-90980.95,0.00,0.00,0.00,0.00,0.00,0.00,0.00,0.00,44.19,45.48,44.19,45.48,0.00,0.00,17.97,7.73,17.97,7.73,0.00,0.00,0.91,0.04,0.91,0.04,21.81,30.45,15.12,16.30,36.93,46.75,0.00,0.00,0.00,0.00,0.00,0.00,"178","881","41","451","0"
"ICE Futures Europe","IFEU","2026-03-06","2026-03-10T14:16:11.066000Z","JRJ-Jet FOB Rotterdam Barges vs Jet CIF NWE Cargoes Future","JRJ","NEWT","LOTS",0.00,0.00,770.00,24.00,770.00,24.00,0.00,0.00,0.00,0.00,0.00,0.00,0.00,0.00,0.00,0.00,0.00,0.00,284.00,657.00,36.00,409.00,320.00,1066.00,0.00,0.00,0.00,0.00,0.00,0.00,0.00,0.00,-65.00,0.00,-65.00,0.00,0.00,0.00,0.00,0.00,0.00,0.00,0.00,0.00,0.00,0.00,0.00,0.00,-61.00,-88.00,-3.00,-14.00,-64.00,-102.00,0.00,0.00,0.00,0.00,0.00,0.00,0.00,0.00,70.64,2.20,70.64,2.20,0.00,0.00,0.00,0.00,0.00,0.00,0.00,0.00,0.00,0.00,0.00,0.00,26.06,60.28,3.30,37.52,29.36,97.80,0.00,0.00,0.00,0.00,0.00,0.00,"14","0","0","12","0"
"ICE Futures Europe","IFEU","2026-03-06","2026-03-10T14:16:11.066000Z","TEZ-Fuel Oil Diff - Fuel Oil 180 CST Singapore (Platts) vs 380 CST Singapore (Platts) Mini Future","TEZ","NEWT","LOTS",0.00,0.00,1118.00,841.00,1118.00,841.00,0.00,0.00,0.00,40.00,0.00,40.00,0.00,0.00,0.00,0.00,0.00,0.00,120.00,300.00,197.00,254.00,317.00,554.00,0.00,0.00,0.00,0.00,0.00,0.00,0.00,0.00,-339.00,-272.00,-339.00,-272.00,0.00,0.00,-30.00,-20.00,-30.00,-20.00,0.00,0.00,0.00,0.00,0.00,0.00,-140.00,-93.00,35.00,-69.00,-105.00,-162.00,0.00,0.00,0.00,0.00,0.00,0.00,0.00,0.00,77.91,58.60,77.91,58.60,0.00,0.00,0.00,2.79,0.00,2.79,0.00,0.00,0.00,0.00,0.00,0.00,8.36,20.91,13.73,17.70,22.09,38.61,0.00,0.00,0.00,0.00,0.00,0.00,"15",".","0","12","0"
"ICE Futures Europe","IFEU","2026-03-06","2026-03-10T14:16:11.066000Z","DBI-Dubai 1st Line Future","DBI","NEWT","LOTS",0.00,0.00,160069.52,67134.10,160069.52,67134.10,0.00,0.00,34472.30,16071.10,34472.30,16071.10,0.00,0.00,0.00,0.00,0.00,0.00,104865.79,248766.60,86400.10,50308.90,191265.89,299075.50,0.00,0.00,0.00,0.00,0.00,0.00,0.00,0.00,-16887.80,-17204.90,-16887.80,-17204.90,0.00,0.00,-11573.10,-6010.10,-11573.10,-6010.10,0.00,0.00,0.00,0.00,0.00,0.00,-11322.06,-65717.27,-42279.60,-3421.30,-53601.66,-69138.57,0.00,0.00,0.00,0.00,0.00,0.00,0.00,0.00,41.49,17.57,41.49,17.57,0.00,0.00,8.94,4.20,8.94,4.20,0.00,0.00,0.00,0.00,0.00,0.00,27.18,65.07,22.39,13.16,49.57,78.23,0.00,0.00,0.00,0.00,0.00,0.00,"56","84","0","111","0"
"ICE Futures Europe","IFEU","2026-03-06","2026-03-10T14:16:11.066000Z","TEX-Diesel Outright - ULSD 10ppm CIF Med Cargoes (Platts) Balmo Mini Future","TEX","NEWT","LOTS",0.00,0.00,81.00,130.00,81.00,130.00,0.00,0.00,0.00,0.00,0.00,0.00,0.00,0.00,0.00,0.00,0.00,0.00,199.00,110.00,10.00,50.00,209.00,160.00,0.00,0.00,0.00,0.00,0.00,0.00,0.00,0.00,81.00,130.00,81.00,130.00,0.00,0.00,0.00,0.00,0.00,0.00,0.00,0.00,0.00,0.00,0.00,0.00,199.00,110.00,10.00,50.00,209.00,160.00,0.00,0.00,0.00,0.00,0.00,0.00,0.00,0.00,27.93,44.83,27.93,44.83,0.00,0.00,0.00,0.00,0.00,0.00,0.00,0.00,0.00,0.00,0.00,0.00,68.62,37.93,3.45,17.24,72.07,55.17,0.00,0.00,0.00,0.00,0.00,0.00,"8","0","0","12","0"
"ICE Futures Europe","IFEU","2026-03-06","2026-03-10T14:16:11.066000Z","ULQ-Gasoil 0.1% CIF Med Cargoes vs Low Sulphur Gasoil 1st Line Future","ULQ","NEWT","LOTS",0.00,0.00,370.00,158.00,370.00,158.00,0.00,0.00,0.00,0.00,0.00,0.00,0.00,0.00,0.00,0.00,0.00,0.00,83.00,312.00,140.00,123.00,223.00,435.00,0.00,0.00,0.00,0.00,0.00,0.00,0.00,0.00,-40.00,-58.00,-40.00,-58.00,0.00,0.00,0.00,0.00,0.00,0.00,0.00,0.00,0.00,0.00,0.00,0.00,-49.00,1.00,-51.00,-110.00,-100.00,-109.00,0.00,0.00,0.00,0.00,0.00,0.00,0.00,0.00,62.39,26.65,62.39,26.65,0.00,0.00,0.00,0.00,0.00,0.00,0.00,0.00,0.00,0.00,0.00,0.00,14.00,52.61,23.61,20.74,37.61,73.35,0.00,0.00,0.00,0.00,0.00,0.00,"13","0","0","11","0"
"ICE Futures Europe","IFEU","2026-03-06","2026-03-10T14:16:11.066000Z","SPS-Fuel Oil 380 CST Singapore vs Brent 1st Line Future","SPS","NEWT","LOTS",0.00,0.00,1380.00,3304.00,1380.00,3304.00,0.00,0.00,197.00,171.00,197.00,171.00,0.00,0.00,0.00,0.00,0.00,0.00,4207.00,2010.00,2418.00,2717.00,6625.00,4727.00,0.00,0.00,0.00,0.00,0.00,0.00,0.00,0.00,-649.00,-583.00,-649.00,-583.00,0.00,0.00,-548.00,-143.00,-548.00,-143.00,0.00,0.00,0.00,0.00,0.00,0.00,-1623.00,-474.00,-1358.00,-2969.00,-2981.00,-3443.00,0.00,0.00,0.00,0.00,0.00,0.00,0.00,0.00,16.83,40.28,16.83,40.28,0.00,0.00,2.40,2.08,2.40,2.08,0.00,0.00,0.00,0.00,0.00,0.00,51.29,24.51,29.48,33.13,80.77,57.64,0.00,0.00,0.00,0.00,0.00,0.00,"34","10","0","61","0"
"ICE Futures Europe","IFEU","2026-03-06","2026-03-10T14:16:11.066000Z","DDQ-Diesel Diff - Diesel 10ppm UK CIF NWE Cargoes (Platts) vs Low Sulphur Gasoil 1st Line Future","DDQ","NEWT","LOTS",0.00,0.00,705.00,78.00,705.00,78.00,0.00,0.00,0.00,0.00,0.00,0.00,0.00,0.00,0.00,0.00,0.00,0.00,0.00,650.00,47.00,24.00,47.00,674.00,0.00,0.00,0.00,0.00,0.00,0.00,0.00,0.00,-12.00,0.00,-12.00,0.00,0.00,0.00,0.00,0.00,0.00,0.00,0.00,0.00,0.00,0.00,0.00,0.00,0.00,45.00,0.00,-54.00,0.00,-9.00,0.00,0.00,0.00,0.00,0.00,0.00,0.00,0.00,93.75,10.37,93.75,10.37,0.00,0.00,0.00,0.00,0.00,0.00,0.00,0.00,0.00,0.00,0.00,0.00,0.00,86.44,6.25,3.19,6.25,89.63,0.00,0.00,0.00,0.00,0.00,0.00,"12","0","0","8","0"
"ICE Futures Europe","IFEU","2026-03-06","2026-03-10T14:16:11.066000Z","B-Brent Crude Future","B","NEWT","LOTS",0.00,0.00,1088643.64,901758.72,1088643.64,901758.72,24.00,21.00,646431.34,339513.32,646455.34,339534.32,0.00,0.00,40812.91,4096.99,40812.91,4096.99,688374.57,1025137.91,557622.34,753122.88,1245996.91,1778260.79,0.00,0.00,0.00,0.00,0.00,0.00,0.00,0.00,21434.30,-24315.07,21434.30,-24315.07,24.00,21.00,-174800.85,-218392.24,-174776.85,-218371.24,0.00,0.00,-6116.03,-3320.92,-6116.03,-3320.92,-48707.87,149.57,-37069.08,1441.01,-85776.95,1590.58,0.00,0.00,0.00,0.00,0.00,0.00,0.00,0.00,36.03,29.82,36.03,29.82,0.00,0.00,21.39,11.23,21.39,11.23,0.00,0.00,1.35,0.14,1.35,0.14,22.78,33.90,18.45,24.91,41.23,58.81,0.00,0.00,0.00,0.00,0.00,0.00,"325","1264","48","1086","0"
"ICE Futures Europe","IFEU","2026-03-06","2026-03-10T14:16:11.066000Z","SFG-Gasoil Crack - Singapore Gasoil 0.05% (Platts) vs Dubai 1st Line (Platts) Future","SFG","NEWT","LOTS",0.00,0.00,10973.00,1095.00,10973.00,1095.00,0.00,0.00,545.00,0.00,545.00,0.00,0.00,0.00,0.00,0.00,0.00,0.00,1000.00,12541.00,3785.00,2667.00,4785.00,15208.00,0.00,0.00,0.00,0.00,0.00,0.00,0.00,0.00,-607.58,565.00,-607.58,565.00,0.00,0.00,-150.00,0.00,-150.00,0.00,0.00,0.00,0.00,0.00,0.00,0.00,715.00,-1353.58,-713.00,33.00,2.00,-1320.58,0.00,0.00,0.00,0.00,0.00,0.00,0.00,0.00,67.31,6.72,67.31,6.72,0.00,0.00,3.34,0.00,3.34,0.00,0.00,0.00,0.00,0.00,0.00,0.00,6.13,76.92,23.22,16.36,29.35,93.28,0.00,0.00,0.00,0.00,0.00,0.00,"12",".","0","21","0"
"ICE Futures Europe","IFEU","2026-03-06","2026-03-10T14:16:11.066000Z","BAP-Gasoil Diff - Singapore Gasoil (Platts) vs Low Sulphur Gasoil 1st Line Future (in Bbls)","BAP","NEWT","LOTS",0.00,0.00,42551.00,76655.00,42551.00,76655.00,0.00,0.00,3755.00,8120.00,3755.00,8120.00,0.00,0.00,0.00,0.00,0.00,0.00,77072.00,57670.00,57492.00,38425.00,134564.00,96095.00,0.00,0.00,0.00,0.00,0.00,0.00,0.00,0.00,-2830.00,-7291.00,-2830.00,-7291.00,0.00,0.00,1928.00,-3712.00,1928.00,-3712.00,0.00,0.00,0.00,0.00,0.00,0.00,-8925.00,-5592.00,-8994.00,-3433.00,-17919.00,-9025.00,0.00,0.00,0.00,0.00,0.00,0.00,0.00,0.00,23.52,42.39,23.52,42.39,0.00,0.00,2.08,4.49,2.08,4.49,0.00,0.00,0.00,0.00,0.00,0.00,42.61,31.88,31.79,21.24,74.40,53.12,0.00,0.00,0.00,0.00,0.00,0.00,"38","22","0","73","0"
"ICE Futures Europe","IFEU","2026-03-06","2026-03-10T14:16:11.066000Z","AEB-Argus Euro-Bob Oxy FOB Rotterdam Barges vs Brent 1st Line Future (bbls)","AEB","NEWT","LOTS",0.00,0.00,18692.00,49195.00,18692.00,49195.00,0.00,0.00,8576.00,5234.00,8576.00,5234.00,0.00,0.00,0.00,0.00,0.00,0.00,63460.00,40371.00,32566.00,28699.00,96026.00,69070.00,0.00,0.00,0.00,0.00,0.00,0.00,0.00,0.00,-4206.00,4358.00,-4206.00,4358.00,0.00,0.00,1313.00,-151.00,1313.00,-151.00,0.00,0.00,0.00,0.00,0.00,0.00,8094.00,-4247.00,-4768.00,1326.00,3326.00,-2921.00,0.00,0.00,0.00,0.00,0.00,0.00,0.00,0.00,15.16,39.83,15.16,39.83,0.00,0.00,6.96,4.24,6.96,4.24,0.00,0.00,0.00,0.00,0.00,0.00,51.47,32.69,26.41,23.24,77.88,55.93,0.00,0.00,0.00,0.00,0.00,0.00,"29","27","0","81","0"
"ICE Futures Europe","IFEU","2026-03-06","2026-03-10T14:16:11.066000Z","BAR-Fuel Oil 3.5% FOB Rotterdam Barges Future","BAR","NEWT","LOTS",0.00,0.00,4624.25,4078.78,4624.25,4078.78,0.00,0.00,565.70,133.30,565.70,133.30,0.00,0.00,0.00,0.00,0.00,0.00,3867.29,4994.81,6476.78,6362.13,10344.07,11356.94,0.00,0.00,0.00,0.00,0.00,0.00,0.00,0.00,-1358.69,-364.41,-1358.69,-364.41,0.00,0.00,-185.65,-115.00,-185.65,-115.00,0.00,0.00,0.00,0.00,0.00,0.00,-534.09,-1442.26,-386.98,-879.34,-921.07,-2321.60,0.00,0.00,0.00,0.00,0.00,0.00,0.00,0.00,29.77,26.20,29.77,26.20,0.00,0.00,3.64,0.86,3.64,0.86,0.00,0.00,0.00,0.00,0.00,0.00,24.90,32.08,41.69,40.86,66.59,72.94,0.00,0.00,0.00,0.00,0.00,0.00,"41","22","0","101","0"
"ICE Futures Europe","IFEU","2026-03-06","2026-03-10T14:16:11.066000Z","BFZ-Argus Biodiesel Fame Zero FOB Rotterdam (Red Compliant) vs Low Sulphur Gasoil 1st Line Future","BFZ","NEWT","LOTS",0.00,0.00,1343.00,95.00,1343.00,95.00,0.00,0.00,70.00,20.00,70.00,20.00,0.00,0.00,0.00,0.00,0.00,0.00,9093.00,8713.00,2928.00,4606.00,12021.00,13319.00,0.00,0.00,0.00,0.00,0.00,0.00,0.00,0.00,-90.00,-20.00,-90.00,-20.00,0.00,0.00,0.00,20.00,0.00,20.00,0.00,0.00,0.00,0.00,0.00,0.00,-80.00,-850.00,-1202.00,-522.00,-1282.00,-1372.00,0.00,0.00,0.00,0.00,0.00,0.00,0.00,0.00,9.99,0.70,9.99,0.70,0.00,0.00,0.52,0.15,0.52,0.15,0.00,0.00,0.00,0.00,0.00,0.00,67.69,64.86,21.80,34.29,89.49,99.15,0.00,0.00,0.00,0.00,0.00,0.00,".",".","0","45","0"
"ICE Futures Europe","IFEU","2026-03-06","2026-03-10T14:16:11.066000Z","BOB-Fuel Oil 3.5% FOB Rotterdam Barges vs Brent 1st Line Future","BOB","NEWT","LOTS",0.00,0.00,4010.00,3241.00,4010.00,3241.00,0.00,0.00,274.00,277.00,274.00,277.00,0.00,0.00,0.00,0.00,0.00,0.00,2270.00,1895.00,4304.00,5445.00,6574.00,7340.00,0.00,0.00,0.00,0.00,0.00,0.00,0.00,0.00,-409.00,-999.00,-409.00,-999.00,0.00,0.00,-237.00,-77.00,-237.00,-77.00,0.00,0.00,0.00,0.00,0.00,0.00,-272.00,-458.00,-735.00,-211.00,-1007.00,-669.00,0.00,0.00,0.00,0.00,0.00,0.00,0.00,0.00,36.93,29.85,36.93,29.85,0.00,0.00,2.52,2.55,2.52,2.55,0.00,0.00,0.00,0.00,0.00,0.00,20.91,17.45,39.64,50.15,60.55,67.60,0.00,0.00,0.00,0.00,0.00,0.00,"39","14","0","59","0"
"ICE Futures Europe","IFEU","2026-03-06","2026-03-10T14:16:11.066000Z","JFF-Wet Freight - TC17 FFA - Arab Gulf to East Africa (Baltic) Future","JFF","NEWT","LOTS",0.00,0.00,15.00,0.00,15.00,0.00,0.00,0.00,0.00,0.00,0.00,0.00,0.00,0.00,0.00,0.00,0.00,0.00,760.00,1715.00,1125.00,185.00,1885.00,1900.00,0.00,0.00,0.00,0.00,0.00,0.00,0.00,0.00,0.00,0.00,0.00,0.00,0.00,0.00,0.00,0.00,0.00,0.00,0.00,0.00,0.00,0.00,0.00,0.00,-85.00,-140.00,-75.00,-30.00,-160.00,-170.00,0.00,0.00,0.00,0.00,0.00,0.00,0.00,0.00,0.79,0.00,0.79,0.00,0.00,0.00,0.00,0.00,0.00,0.00,0.00,0.00,0.00,0.00,0.00,0.00,40.00,90.26,59.21,9.74,99.21,100.00,0.00,0.00,0.00,0.00,0.00,0.00,".","0","0","19","0"
"ICE Futures Europe","IFEU","2026-03-06","2026-03-10T14:16:11.066000Z","FOS-Fuel Oil 1% FOB NWE Cargoes vs 3.5% FOB Rotterdam Barges Future","FOS","NEWT","LOTS",0.00,0.00,125.70,90.60,125.70,90.60,0.00,0.00,0.00,0.00,0.00,0.00,0.00,0.00,0.00,0.00,0.00,0.00,75.80,358.50,701.40,453.80,777.20,812.30,0.00,0.00,0.00,0.00,0.00,0.00,0.00,0.00,-26.70,-10.00,-26.70,-10.00,0.00,0.00,0.00,0.00,0.00,0.00,0.00,0.00,0.00,0.00,0.00,0.00,-5.40,-54.70,-89.60,-63.00,-95.00,-117.70,0.00,0.00,0.00,0.00,0.00,0.00,0.00,0.00,13.92,10.03,13.92,10.03,0.00,0.00,0.00,0.00,0.00,0.00,0.00,0.00,0.00,0.00,0.00,0.00,8.40,39.71,77.68,50.26,86.08,89.97,0.00,0.00,0.00,0.00,0.00,0.00,"8","0","0","24","0"
"ICE Futures Europe","IFEU","2026-03-06","2026-03-10T14:16:11.066000Z","MF4-Fuel Oil Outright - Marine Fuel 0.5% FOB Singapore (Platts) Future","MF4","NEWT","LOTS",0.00,0.00,5101.95,4681.00,5101.95,4681.00,0.00,0.00,1480.10,1094.00,1480.10,1094.00,0.00,0.00,0.00,0.00,0.00,0.00,12947.60,13567.65,8379.50,8587.50,21327.10,22155.15,0.00,0.00,0.00,0.00,0.00,0.00,0.00,0.00,-1645.60,-620.10,-1645.60,-620.10,0.00,0.00,-1018.70,-334.80,-1018.70,-334.80,0.00,0.00,0.00,0.00,0.00,0.00,-1406.80,-1616.10,-1548.60,-2168.10,-2955.40,-3784.20,0.00,0.00,0.00,0.00,0.00,0.00,0.00,0.00,18.29,16.75,18.29,16.75,0.00,0.00,5.30,3.92,5.30,3.92,0.00,0.00,0.00,0.00,0.00,0.00,46.39,48.58,30.02,30.75,76.41,79.33,0.00,0.00,0.00,0.00,0.00,0.00,"54","25","0","187","0"
"ICE Futures Europe","IFEU","2026-03-06","2026-03-10T14:16:11.066000Z","HVO-Biodiesel Diff - Argus HVO FOB ARA Range (Class II) vs Low Sulphur Gasoil 1st Line Future","HVO","NEWT","LOTS",0.00,0.00,56.00,88.00,56.00,88.00,0.00,0.00,35.00,0.00,35.00,0.00,0.00,0.00,0.00,0.00,0.00,0.00,2388.00,4717.00,4206.00,1900.00,6594.00,6617.00,0.00,0.00,0.00,0.00,0.00,0.00,0.00,0.00,22.00,-15.00,22.00,-15.00,0.00,0.00,0.00,0.00,0.00,0.00,0.00,0.00,0.00,0.00,0.00,0.00,-827.00,-465.00,19.00,-326.00,-808.00,-791.00,0.00,0.00,0.00,0.00,0.00,0.00,0.00,0.00,0.84,1.31,0.84,1.31,0.00,0.00,0.52,0.00,0.52,0.00,0.00,0.00,0.00,0.00,0.00,0.00,35.72,70.35,62.92,28.34,98.64,98.69,0.00,0.00,0.00,0.00,0.00,0.00,"5",".","0","40","0"
"ICE Futures Europe","IFEU","2026-03-06","2026-03-10T14:16:11.066000Z","JOE-Naphtha C+F Japan vs Naphtha CIF NWE Cargoes Future","JOE","NEWT","LOTS",0.00,0.00,1659.00,2451.00,1659.00,2451.00,0.00,0.00,661.00,317.00,661.00,317.00,0.00,0.00,0.00,0.00,0.00,0.00,7438.00,6296.00,3562.00,4121.00,11000.00,10417.00,0.00,0.00,0.00,0.00,0.00,0.00,0.00,0.00,77.00,-120.00,77.00,-120.00,0.00,0.00,-88.00,91.00,-88.00,91.00,0.00,0.00,0.00,0.00,0.00,0.00,-189.00,-834.00,-454.00,-128.00,-643.00,-962.00,0.00,0.00,0.00,0.00,0.00,0.00,0.00,0.00,12.46,18.59,12.46,18.59,0.00,0.00,4.96,2.40,4.96,2.40,0.00,0.00,0.00,0.00,0.00,0.00,55.84,47.75,26.74,31.26,82.58,79.01,0.00,0.00,0.00,0.00,0.00,0.00,"18","11","0","74","0"
"ICE Futures Europe","IFEU","2026-03-06","2026-03-10T14:16:11.066000Z","UCR-Biodiesel Diff - Argus UCOME FOB ARA Range (RED Compliant) vs Low Sulphur Gasoil 1st Line Future","UCR","NEWT","LOTS",0.00,0.00,701.00,614.00,701.00,614.00,0.00,0.00,0.00,160.00,0.00,160.00,0.00,0.00,0.00,0.00,0.00,0.00,7756.00,6501.00,4125.00,5307.00,11881.00,11808.00,0.00,0.00,0.00,0.00,0.00,0.00,0.00,0.00,55.00,-69.00,55.00,-69.00,0.00,0.00,0.00,20.00,0.00,20.00,0.00,0.00,0.00,0.00,0.00,0.00,-2078.00,-1520.00,83.00,-376.00,-1995.00,-1896.00,0.00,0.00,0.00,0.00,0.00,0.00,0.00,0.00,5.58,4.88,5.58,4.88,0.00,0.00,0.00,1.27,0.00,1.27,0.00,0.00,0.00,0.00,0.00,0.00,61.64,51.67,32.78,42.18,94.42,93.85,0.00,0.00,0.00,0.00,0.00,0.00,"5",".","0","56","0"
"ICE Futures Europe","IFEU","2026-03-06","2026-03-10T14:16:11.066000Z","ULR-Gasoil 0.1% FOB Rotterdam Barges vs Low Sulphur Gasoil 1st Line Future","ULR","NEWT","LOTS",0.00,0.00,393.00,3.00,393.00,3.00,0.00,0.00,0.00,0.00,0.00,0.00,0.00,0.00,0.00,0.00,0.00,0.00,99.00,377.00,74.00,186.00,173.00,563.00,0.00,0.00,0.00,0.00,0.00,0.00,0.00,0.00,-10.00,3.00,-10.00,3.00,0.00,0.00,0.00,0.00,0.00,0.00,0.00,0.00,0.00,0.00,0.00,0.00,-8.00,25.00,-2.00,-50.00,-10.00,-25.00,0.00,0.00,0.00,0.00,0.00,0.00,0.00,0.00,69.44,0.53,69.44,0.53,0.00,0.00,0.00,0.00,0.00,0.00,0.00,0.00,0.00,0.00,0.00,0.00,17.49,66.61,13.07,32.86,30.56,99.47,0.00,0.00,0.00,0.00,0.00,0.00,"11","0","0","9","0"
"ICE Futures Europe","IFEU","2026-03-06","2026-03-10T14:16:11.066000Z","PDD-Dated Brent vs Dubai 1st Line Future","PDD","NEWT","LOTS",0.00,0.00,4449.00,5015.00,4449.00,5015.00,0.00,0.00,225.00,0.00,225.00,0.00,0.00,0.00,0.00,0.00,0.00,0.00,11435.00,5775.00,2856.00,8175.00,14291.00,13950.00,0.00,0.00,0.00,0.00,0.00,0.00,0.00,0.00,-744.00,245.00,-744.00,245.00,0.00,0.00,0.00,0.00,0.00,0.00,0.00,0.00,0.00,0.00,0.00,0.00,-2795.00,-2515.00,-174.00,-1786.00,-2969.00,-4301.00,0.00,0.00,0.00,0.00,0.00,0.00,0.00,0.00,23.45,26.44,23.45,26.44,0.00,0.00,1.19,0.00,1.19,0.00,0.00,0.00,0.00,0.00,0.00,0.00,60.30,30.45,15.06,43.11,75.36,73.56,0.00,0.00,0.00,0.00,0.00,0.00,"19",".","0","27","0"
"ICE Futures Europe","IFEU","2026-03-06","2026-03-10T14:16:11.066000Z","WFA-LPG (BLPG3) FFA Houston to Chiba (Baltic) Future","WFA","NEWT","LOTS",0.00,0.00,9.00,5.00,9.00,5.00,0.00,0.00,0.00,342.00,0.00,342.00,0.00,0.00,0.00,0.00,0.00,0.00,1329.00,1102.00,550.00,439.00,1879.00,1541.00,0.00,0.00,0.00,0.00,0.00,0.00,0.00,0.00,-2.00,-5.00,-2.00,-5.00,0.00,0.00,0.00,-276.00,0.00,-276.00,0.00,0.00,0.00,0.00,0.00,0.00,-81.00,225.00,78.00,6.00,-3.00,231.00,0.00,0.00,0.00,0.00,0.00,0.00,0.00,0.00,0.48,0.27,0.48,0.27,0.00,0.00,0.00,18.11,0.00,18.11,0.00,0.00,0.00,0.00,0.00,0.00,70.39,58.37,29.13,23.25,99.52,81.62,0.00,0.00,0.00,0.00,0.00,0.00,".","5","0","34","0"
"ICE Futures Europe","IFEU","2026-03-06","2026-03-10T14:16:11.066000Z","TDL-TD3C FFA - Middle East Gulf to China (Baltic) Future","TDL","NEWT","LOTS",0.00,0.00,17994.00,204.00,17994.00,204.00,315.00,0.00,4388.89,2164.77,4703.89,2164.77,0.00,0.00,0.00,0.00,0.00,0.00,24887.68,52655.00,25051.51,17661.32,49939.19,70316.32,0.00,0.00,0.00,0.00,0.00,0.00,0.00,0.00,-2519.00,-120.00,-2519.00,-120.00,-150.00,0.00,-574.32,203.04,-724.32,203.04,0.00,0.00,0.00,0.00,0.00,0.00,-5158.96,-6152.00,-3244.75,-5264.06,-8403.71,-11416.06,0.00,0.00,0.00,0.00,0.00,0.00,0.00,0.00,24.78,0.28,24.78,0.28,0.43,0.00,6.04,2.98,6.47,2.98,0.00,0.00,0.00,0.00,0.00,0.00,34.26,72.44,34.49,24.30,68.75,96.74,0.00,0.00,0.00,0.00,0.00,0.00,"16","30","0","62","0"
"ICE Futures Europe","IFEU","2026-03-06","2026-03-10T14:16:11.066000Z","ULC-Low Sulphur Gasoil 1st Line vs Brent 1st Line Future (in MTs)","ULC","NEWT","LOTS",0.00,0.00,467.00,146.00,467.00,146.00,0.00,0.00,20.00,0.00,20.00,0.00,0.00,0.00,0.00,0.00,0.00,0.00,156.00,250.00,33.00,280.00,189.00,530.00,0.00,0.00,0.00,0.00,0.00,0.00,0.00,0.00,-2.00,-91.00,-2.00,-91.00,0.00,0.00,0.00,0.00,0.00,0.00,0.00,0.00,0.00,0.00,0.00,0.00,30.00,82.00,-32.00,-4.00,-2.00,78.00,0.00,0.00,0.00,0.00,0.00,0.00,0.00,0.00,69.08,21.60,69.08,21.60,0.00,0.00,2.96,0.00,2.96,0.00,0.00,0.00,0.00,0.00,0.00,0.00,23.08,36.98,4.88,41.42,27.96,78.40,0.00,0.00,0.00,0.00,0.00,0.00,"8",".","0","9","0"
"ICE Futures Europe","IFEU","2026-03-06","2026-03-10T14:16:11.066000Z","DBL-Daily Dated Brent vs Brent 1st Line Future","DBL","NEWT","LOTS",0.00,0.00,2637.00,3699.00,2637.00,3699.00,0.00,0.00,0.00,300.00,0.00,300.00,0.00,0.00,0.00,0.00,0.00,0.00,8349.00,3234.00,2659.00,6676.00,11008.00,9910.00,0.00,0.00,0.00,0.00,0.00,0.00,0.00,0.00,278.00,-269.00,278.00,-269.00,0.00,0.00,0.00,-1000.00,0.00,-1000.00,0.00,0.00,0.00,0.00,0.00,0.00,777.00,430.00,-633.00,1415.00,144.00,1845.00,0.00,0.00,0.00,0.00,0.00,0.00,0.00,0.00,19.32,26.59,19.32,26.59,0.00,0.00,0.00,2.16,0.00,2.16,0.00,0.00,0.00,0.00,0.00,0.00,61.19,23.25,19.49,48.00,80.68,71.25,0.00,0.00,0.00,0.00,0.00,0.00,".",".","0","15","0"
"ICE Futures Europe","IFEU","2026-03-06","2026-03-10T14:16:11.066000Z","JEU-Jet FOB Med Cargoes (Platts) vs Jet CIF NWE Cargoes (Platts) Future","JEU","NEWT","LOTS",0.00,0.00,49.00,175.00,49.00,175.00,0.00,0.00,0.00,0.00,0.00,0.00,0.00,0.00,0.00,0.00,0.00,0.00,37.00,21.00,143.00,14.00,180.00,35.00,0.00,0.00,0.00,0.00,0.00,0.00,0.00,0.00,-2.00,83.00,-2.00,83.00,0.00,0.00,0.00,0.00,0.00,0.00,0.00,0.00,0.00,0.00,0.00,0.00,5.00,0.00,83.00,-5.00,88.00,-5.00,0.00,0.00,0.00,0.00,0.00,0.00,0.00,0.00,21.39,83.33,21.39,83.33,0.00,0.00,0.00,0.00,0.00,0.00,0.00,0.00,0.00,0.00,0.00,0.00,16.16,10.00,62.45,6.67,78.61,16.67,0.00,0.00,0.00,0.00,0.00,0.00,"10","0","0","7","0"
"ICE Futures Europe","IFEU","2026-03-06","2026-03-10T14:16:11.066000Z","FVB-Fuel Oil 1% FOB NWE Cargoes vs Brent 1st Line Future","FVB","NEWT","LOTS",0.00,0.00,61.00,201.00,61.00,201.00,0.00,0.00,5.00,0.00,5.00,0.00,0.00,0.00,0.00,0.00,0.00,0.00,399.00,50.00,75.00,289.00,474.00,339.00,0.00,0.00,0.00,0.00,0.00,0.00,0.00,0.00,-7.00,-6.00,-7.00,-6.00,0.00,0.00,-5.00,0.00,-5.00,0.00,0.00,0.00,0.00,0.00,0.00,0.00,-27.00,-11.00,0.00,-22.00,-27.00,-33.00,0.00,0.00,0.00,0.00,0.00,0.00,0.00,0.00,11.29,37.22,11.29,37.22,0.00,0.00,0.93,0.00,0.93,0.00,0.00,0.00,0.00,0.00,0.00,0.00,73.89,9.26,13.89,53.52,87.78,62.78,0.00,0.00,0.00,0.00,0.00,0.00,"7",".","0","8","0"
"ICE Futures Europe","IFEU","2026-03-06","2026-03-10T14:16:11.066000Z","AEO-Argus Euro-Bob Oxy FOB Rotterdam Barges Future","AEO","NEWT","LOTS",0.00,0.00,6337.30,1790.00,6337.30,1790.00,0.00,0.00,1391.90,1213.40,1391.90,1213.40,0.00,0.00,0.00,0.00,0.00,0.00,11573.00,16316.20,6353.90,6349.50,17926.90,22665.70,0.00,0.00,0.00,0.00,0.00,0.00,0.00,0.00,28.50,-1130.20,28.50,-1130.20,0.00,0.00,-948.90,-613.70,-948.90,-613.70,0.00,0.00,0.00,0.00,0.00,0.00,-2039.30,-1498.10,-2382.90,-2570.40,-4422.20,-4068.50,0.00,0.00,0.00,0.00,0.00,0.00,0.00,0.00,24.69,6.97,24.69,6.97,0.00,0.00,5.43,4.73,5.43,4.73,0.00,0.00,0.00,0.00,0.00,0.00,45.11,63.56,24.77,24.74,69.88,88.30,0.00,0.00,0.00,0.00,0.00,0.00,"33","21","0","114","0"
"ICE Futures Europe","IFEU","2026-03-06","2026-03-10T14:16:11.066000Z","FDH-Fuel Oil Diff - Marine Fuel 0.5% FOB Rotterdam Barges (Platts) vs Low Sulphur Gasoil 1st Line Future","FDH","NEWT","LOTS",0.00,0.00,6.00,36.00,6.00,36.00,0.00,0.00,0.00,0.00,0.00,0.00,0.00,0.00,0.00,0.00,0.00,0.00,95.00,0.00,48.00,113.00,143.00,113.00,0.00,0.00,0.00,0.00,0.00,0.00,0.00,0.00,0.00,-55.00,0.00,-55.00,0.00,0.00,0.00,0.00,0.00,0.00,0.00,0.00,0.00,0.00,0.00,0.00,-18.00,0.00,-21.00,16.00,-39.00,16.00,0.00,0.00,0.00,0.00,0.00,0.00,0.00,0.00,4.03,24.16,4.03,24.16,0.00,0.00,0.00,0.00,0.00,0.00,0.00,0.00,0.00,0.00,0.00,0.00,63.76,0.00,32.21,75.84,95.97,75.84,0.00,0.00,0.00,0.00,0.00,0.00,".","0","0","5","0"
"ICE Futures Europe","IFEU","2026-03-06","2026-03-10T14:16:11.066000Z","FVA-Fuel Oil 1% FOB NWE Cargoes vs Brent 1st Line Future (in Bbls)","FVA","NEWT","LOTS",0.00,0.00,1020.00,0.00,1020.00,0.00,0.00,0.00,0.00,1550.00,0.00,1550.00,0.00,0.00,0.00,0.00,0.00,0.00,433.00,210.00,934.00,627.00,1367.00,837.00,0.00,0.00,0.00,0.00,0.00,0.00,0.00,0.00,193.00,0.00,193.00,0.00,0.00,0.00,0.00,268.00,0.00,268.00,0.00,0.00,0.00,0.00,0.00,0.00,-110.00,50.00,310.00,75.00,200.00,125.00,0.00,0.00,0.00,0.00,0.00,0.00,0.00,0.00,42.73,0.00,42.73,0.00,0.00,0.00,0.00,64.93,0.00,64.93,0.00,0.00,0.00,0.00,0.00,0.00,18.14,8.80,39.13,26.27,57.27,35.07,0.00,0.00,0.00,0.00,0.00,0.00,"5",".","0","10","0"
"ICE Futures Europe","IFEU","2026-03-06","2026-03-10T14:16:11.066000Z","CFT-Brent CFD vs Second Month Future","CFT","NEWT","LOTS",0.00,0.00,500.00,0.00,500.00,0.00,0.00,0.00,0.00,0.00,0.00,0.00,0.00,0.00,0.00,0.00,0.00,0.00,0.00,1500.00,1800.00,800.00,1800.00,2300.00,0.00,0.00,0.00,0.00,0.00,0.00,0.00,0.00,500.00,0.00,500.00,0.00,0.00,0.00,0.00,0.00,0.00,0.00,0.00,0.00,0.00,0.00,0.00,0.00,-1950.00,1500.00,1000.00,-975.00,-950.00,525.00,0.00,0.00,0.00,0.00,0.00,0.00,0.00,0.00,21.74,0.00,21.74,0.00,0.00,0.00,0.00,0.00,0.00,0.00,0.00,0.00,0.00,0.00,0.00,0.00,0.00,65.22,78.26,34.78,78.26,100.00,0.00,0.00,0.00,0.00,0.00,0.00,".","0","0",".","0"
"ICE Futures Europe","IFEU","2026-03-06","2026-03-10T14:16:11.066000Z","MFS-Fuel Oil Diff - Marine Fuel 0.5% FOB Rotterdam Barges (Platts) vs Fuel Oil 1% FOB NWE Cargoes (Platts) Future","MFS","NEWT","LOTS",0.00,0.00,50.00,5.00,50.00,5.00,0.00,0.00,0.00,0.00,0.00,0.00,0.00,0.00,0.00,0.00,0.00,0.00,15.00,100.00,75.00,35.00,90.00,135.00,0.00,0.00,0.00,0.00,0.00,0.00,0.00,0.00,-54.00,0.00,-54.00,0.00,0.00,0.00,0.00,0.00,0.00,0.00,0.00,0.00,0.00,0.00,0.00,0.00,-43.00,-150.00,-76.00,-3.00,-119.00,-153.00,0.00,0.00,0.00,0.00,0.00,0.00,0.00,0.00,35.72,3.57,35.72,3.57,0.00,0.00,0.00,0.00,0.00,0.00,0.00,0.00,0.00,0.00,0.00,0.00,10.71,71.43,53.57,25.00,64.28,96.43,0.00,0.00,0.00,0.00,0.00,0.00,".","0","0","9","0"
"ICE Futures Europe","IFEU","2026-03-06","2026-03-10T14:16:11.066000Z","AIN-Fuel Oil 3.5% CIF Med Cargoes (Platts) vs 3.5% FOB MED Cargoes (Platts) Future","AIN","NEWT","LOTS",0.00,0.00,160.00,0.00,160.00,0.00,0.00,0.00,0.00,0.00,0.00,0.00,0.00,0.00,0.00,0.00,0.00,0.00,178.00,218.00,57.00,177.00,235.00,395.00,0.00,0.00,0.00,0.00,0.00,0.00,0.00,0.00,-16.00,0.00,-16.00,0.00,0.00,0.00,0.00,0.00,0.00,0.00,0.00,0.00,0.00,0.00,0.00,0.00,-130.00,-89.00,-3.00,-60.00,-133.00,-149.00,0.00,0.00,0.00,0.00,0.00,0.00,0.00,0.00,40.51,0.00,40.51,0.00,0.00,0.00,0.00,0.00,0.00,0.00,0.00,0.00,0.00,0.00,0.00,0.00,45.06,55.19,14.43,44.81,59.49,100.00,0.00,0.00,0.00,0.00,0.00,0.00,".","0","0","14","0"
"ICE Futures Europe","IFEU","2026-03-06","2026-03-10T14:16:11.066000Z","FOG-Fuel Oil 1% FOB Med Cargoes (Platts) vs 1% FOB NWE Cargoes (Platts) Future","FOG","NEWT","LOTS",0.00,0.00,59.00,10.00,59.00,10.00,0.00,0.00,0.00,0.00,0.00,0.00,0.00,0.00,0.00,0.00,0.00,0.00,80.00,125.00,48.00,52.00,128.00,177.00,0.00,0.00,0.00,0.00,0.00,0.00,0.00,0.00,-25.00,2.00,-25.00,2.00,0.00,0.00,0.00,0.00,0.00,0.00,0.00,0.00,0.00,0.00,0.00,0.00,-11.00,-33.00,-16.00,-21.00,-27.00,-54.00,0.00,0.00,0.00,0.00,0.00,0.00,0.00,0.00,31.55,5.35,31.55,5.35,0.00,0.00,0.00,0.00,0.00,0.00,0.00,0.00,0.00,0.00,0.00,0.00,42.78,66.84,25.67,27.81,68.45,94.65,0.00,0.00,0.00,0.00,0.00,0.00,".","0","0","9","0"
"ICE Futures Europe","IFEU","2026-03-06","2026-03-10T14:16:11.066000Z","SFS-Fuel Oil 180 CST Singapore vs 3.5% FOB Rotterdam Barges Future","SFS","NEWT","LOTS",0.00,0.00,5.00,0.00,5.00,0.00,0.00,0.00,0.00,0.00,0.00,0.00,0.00,0.00,0.00,0.00,0.00,0.00,5.00,5.00,30.00,35.00,35.00,40.00,0.00,0.00,0.00,0.00,0.00,0.00,0.00,0.00,-5.00,0.00,-5.00,0.00,0.00,0.00,0.00,0.00,0.00,0.00,0.00,0.00,0.00,0.00,0.00,0.00,-5.00,0.00,30.00,25.00,25.00,25.00,0.00,0.00,0.00,0.00,0.00,0.00,0.00,0.00,12.50,0.00,12.50,0.00,0.00,0.00,0.00,0.00,0.00,0.00,0.00,0.00,0.00,0.00,0.00,0.00,12.50,12.50,75.00,87.50,87.50,100.00,0.00,0.00,0.00,0.00,0.00,0.00,".","0","0",".","0"
"ICE Futures Europe","IFEU","2026-03-06","2026-03-10T14:16:11.066000Z","BSM-Brent CFD vs First Month Future - 1000bbl","BSM","NEWT","LOTS",0.00,0.00,2115.00,901.00,2115.00,901.00,0.00,0.00,0.00,0.00,0.00,0.00,0.00,0.00,0.00,0.00,0.00,0.00,2056.00,2022.00,130.00,1223.00,2186.00,3245.00,0.00,0.00,0.00,0.00,0.00,0.00,0.00,0.00,45.00,-60.00,45.00,-60.00,0.00,0.00,0.00,0.00,0.00,0.00,0.00,0.00,0.00,0.00,0.00,0.00,-385.00,245.00,130.00,-700.00,-255.00,-455.00,0.00,0.00,0.00,0.00,0.00,0.00,0.00,0.00,49.18,21.73,49.18,21.73,0.00,0.00,0.00,0.00,0.00,0.00,0.00,0.00,0.00,0.00,0.00,0.00,47.80,48.77,3.02,29.50,50.82,78.27,0.00,0.00,0.00,0.00,0.00,0.00,".","0","0","5","0"
"ICE Futures Europe","IFEU","2026-03-06","2026-03-10T14:16:11.066000Z","SBS-Fuel Oil 180 CST Singapore vs Brent 1st Line Future","SBS","NEWT","LOTS",0.00,0.00,45.00,70.00,45.00,70.00,0.00,0.00,3.00,0.00,3.00,0.00,0.00,0.00,0.00,0.00,0.00,0.00,80.00,28.00,25.00,55.00,105.00,83.00,0.00,0.00,0.00,0.00,0.00,0.00,0.00,0.00,-15.00,-12.00,-15.00,-12.00,0.00,0.00,-3.00,-1.00,-3.00,-1.00,0.00,0.00,0.00,0.00,0.00,0.00,-15.00,0.00,-10.00,-30.00,-25.00,-30.00,0.00,0.00,0.00,0.00,0.00,0.00,0.00,0.00,29.41,45.75,29.41,45.75,0.00,0.00,1.96,0.00,1.96,0.00,0.00,0.00,0.00,0.00,0.00,0.00,52.29,18.30,16.34,35.95,68.63,54.25,0.00,0.00,0.00,0.00,0.00,0.00,"6",".","0","8","0"
"ICE Futures Europe","IFEU","2026-03-06","2026-03-10T14:16:11.066000Z","DCR-CPC Blend CIF Med Cargoes (Platts) vs Dated Brent (Platts) Future","DCR","NEWT","LOTS",0.00,0.00,0.00,0.00,0.00,0.00,0.00,0.00,0.00,0.00,0.00,0.00,0.00,0.00,0.00,0.00,0.00,0.00,850.00,850.00,0.00,0.00,850.00,850.00,0.00,0.00,0.00,0.00,0.00,0.00,0.00,0.00,0.00,0.00,0.00,0.00,0.00,0.00,0.00,0.00,0.00,0.00,0.00,0.00,0.00,0.00,0.00,0.00,-650.00,-850.00,0.00,0.00,-650.00,-850.00,0.00,0.00,0.00,0.00,0.00,0.00,0.00,0.00,0.00,0.00,0.00,0.00,0.00,0.00,0.00,0.00,0.00,0.00,0.00,0.00,0.00,0.00,0.00,0.00,100.00,100.00,0.00,0.00,100.00,100.00,0.00,0.00,0.00,0.00,0.00,0.00,"0","0","0","6","0"
"ICE Futures Europe","IFEU","2026-03-06","2026-03-10T14:16:11.066000Z","ULT-Gasoil 0.1% CIF NWE Cargoes vs Low Sulphur Gasoil 1st Line Future","ULT","NEWT","LOTS",0.00,0.00,89.00,44.00,89.00,44.00,0.00,0.00,0.00,0.00,0.00,0.00,0.00,0.00,0.00,0.00,0.00,0.00,3.00,56.00,28.00,20.00,31.00,76.00,0.00,0.00,0.00,0.00,0.00,0.00,0.00,0.00,-8.00,-4.00,-8.00,-4.00,0.00,0.00,0.00,0.00,0.00,0.00,0.00,0.00,0.00,0.00,0.00,0.00,-7.00,-14.00,-4.00,-2.00,-11.00,-16.00,0.00,0.00,0.00,0.00,0.00,0.00,0.00,0.00,74.17,36.66,74.17,36.66,0.00,0.00,0.00,0.00,0.00,0.00,0.00,0.00,0.00,0.00,0.00,0.00,2.50,46.67,23.33,16.67,25.83,63.34,0.00,0.00,0.00,0.00,0.00,0.00,"6","0","0","5","0"
"ICE Futures Europe","IFLX","2026-03-06","2026-03-10T14:16:08.904000Z","T-UK Feed Wheat Future","T","NEWT","LOTS",0.00,0.00,1316.00,351.00,1316.00,351.00,0.00,0.00,21.00,1236.00,21.00,1236.00,0.00,0.00,0.00,0.00,0.00,0.00,6291.00,5666.00,3805.00,4180.00,10096.00,9846.00,0.00,0.00,0.00,0.00,0.00,0.00,0.00,0.00,1316.00,351.00,1316.00,351.00,0.00,0.00,21.00,1236.00,21.00,1236.00,0.00,0.00,0.00,0.00,0.00,0.00,6291.00,5666.00,3805.00,4180.00,10096.00,9846.00,0.00,0.00,0.00,0.00,0.00,0.00,0.00,0.00,11.52,3.07,11.52,3.07,0.00,0.00,0.18,10.81,0.18,10.81,0.00,0.00,0.00,0.00,0.00,0.00,55.02,49.56,33.28,36.56,88.30,86.12,0.00,0.00,0.00,0.00,0.00,0.00,"13","27","0","52","0"
"ICE Futures Europe","IFLX","2026-03-06","2026-03-10T14:16:08.904000Z","W-White Sugar Future","W","NEWT","LOTS",0.00,0.00,31520.00,25311.12,31520.00,25311.12,4.00,0.00,60844.00,57830.77,60848.00,57830.77,0.00,0.00,4398.00,739.00,4398.00,739.00,30062.74,41122.11,21309.26,23331.00,51372.00,64453.11,0.00,0.00,0.00,0.00,0.00,0.00,0.00,0.00,31520.00,25311.12,31520.00,25311.12,4.00,0.00,60844.00,57830.77,60848.00,57830.77,0.00,0.00,4398.00,739.00,4398.00,739.00,30062.74,41122.11,21309.26,23331.00,51372.00,64453.11,0.00,0.00,0.00,0.00,0.00,0.00,0.00,0.00,21.29,17.06,21.29,17.06,0.00,0.00,41.07,38.99,41.07,38.99,0.00,0.00,2.97,0.50,2.97,0.50,20.29,27.72,14.38,15.73,34.67,43.45,0.00,0.00,0.00,0.00,0.00,0.00,"72","371","8","218","0"
"ICE Futures Europe","IFLX","2026-03-06","2026-03-10T14:16:08.904000Z","RC-Robusta Coffee Future","RC","NEWT","LOTS",0.00,0.00,12580.03,19191.78,12580.03,19191.78,4.00,0.00,37072.94,31013.33,37076.94,31013.33,0.00,0.00,1235.00,209.00,1235.00,209.00,18799.99,22186.86,19779.62,16563.68,38579.61,38750.54,0.00,0.00,0.00,0.00,0.00,0.00,0.00,0.00,12580.03,19191.78,12580.03,19191.78,4.00,0.00,37072.94,31013.33,37076.94,31013.33,0.00,0.00,1235.00,209.00,1235.00,209.00,18799.99,22186.86,19779.62,16563.68,38579.61,38750.54,0.00,0.00,0.00,0.00,0.00,0.00,0.00,0.00,14.06,21.53,14.06,21.53,0.00,0.00,41.44,34.78,41.44,34.78,0.00,0.00,1.38,0.23,1.38,0.23,21.01,24.88,22.11,18.58,43.12,43.46,0.00,0.00,0.00,0.00,0.00,0.00,"83","449","7","267","0"
"ICE Futures Europe","IFLX","2026-03-06","2026-03-10T14:16:08.904000Z","C-London Cocoa Future","C","NEWT","LOTS",0.00,0.00,68001.75,28128.82,68001.75,28128.82,0.00,0.00,28263.45,62260.03,28263.45,62260.03,0.00,0.00,1047.00,159.00,1047.00,159.00,79336.72,90768.81,21847.60,16816.28,101184.32,107585.09,0.00,0.00,0.00,0.00,0.00,0.00,0.00,0.00,-2131.02,-4609.55,-2131.02,-4609.55,0.00,0.00,-2487.05,-2003.91,-2487.05,-2003.91,0.00,0.00,-224.00,-12.00,-224.00,-12.00,1114.88,4665.45,-1018.85,-2727.48,96.03,1937.97,0.00,0.00,0.00,0.00,0.00,0.00,0.00,0.00,34.25,14.20,34.25,14.20,0.00,0.00,14.24,31.42,14.24,31.42,0.00,0.00,0.53,0.08,0.53,0.08,39.97,45.81,11.01,8.49,50.98,54.30,0.00,0.00,0.00,0.00,0.00,0.00,"86","435","5","178","0"
"ICE Futures Europe","IFEU","2026-02-20","2026-03-10T14:14:35.511000Z","T-West Texas Intermediate Light Sweet Crude Future","T","AMND","LOTS",0.00,0.00,269371.85,305674.23,269371.85,305674.23,0.00,0.00,58428.28,91868.95,58428.28,91868.95,0.00,0.00,391.00,54.00,391.00,54.00,239162.99,186513.15,228541.93,211914.85,467704.92,398428.00,0.00,0.00,0.00,0.00,0.00,0.00,0.00,0.00,-37119.39,3226.53,-37119.39,3226.53,0.00,0.00,-11731.25,6988.75,-11731.25,6988.75,0.00,0.00,49.00,-29.00,49.00,-29.00,6835.46,-19429.32,10441.52,-22113.91,17276.98,-41543.23,0.00,0.00,0.00,0.00,0.00,0.00,0.00,0.00,33.84,38.40,33.84,38.40,0.00,0.00,7.34,11.54,7.34,11.54,0.00,0.00,0.05,0.01,0.05,0.01,30.05,23.43,28.72,26.62,58.77,50.05,0.00,0.00,0.00,0.00,0.00,0.00,"92","215","6","261","0"
"ICE Futures Europe","IFEU","2026-02-27","2026-03-10T14:15:23.412000Z","T-West Texas Intermediate Light Sweet Crude Future","T","AMND","LOTS",0.00,0.00,280797.14,309047.84,280797.14,309047.84,0.00,0.00,58794.04,83039.82,58794.04,83039.82,0.00,0.00,722.00,54.00,722.00,54.00,245348.38,215586.82,227716.87,205658.01,473065.25,421244.83,0.00,0.00,0.00,0.00,0.00,0.00,0.00,0.00,11425.29,3373.61,11425.29,3373.61,0.00,0.00,365.76,-8829.13,365.76,-8829.13,0.00,0.00,331.00,0.00,331.00,0.00,6185.39,29073.67,-825.06,-6256.84,5360.33,22816.83,0.00,0.00,0.00,0.00,0.00,0.00,0.00,0.00,34.52,38.00,34.52,38.00,0.00,0.00,7.23,10.21,7.23,10.21,0.00,0.00,0.09,0.01,0.09,0.01,30.16,26.50,28.00,25.28,58.16,51.78,0.00,0.00,0.00,0.00,0.00,0.00,"95","209","6","288","0"

"Disclaimer: Article 58.1(a) of MiFID II requires trading venues to publish weekly reports of the open interest and participant numbers and categories for certain products listed on their exchanges. To be included in the report a product needs to have at least twenty participants, and where it has a deliverable supply the open interest needs to exceed four times its monthly deliverable supply. The report’s detail is defined by Article 83 of Regulation 2017/65 and Regulation 2017/1093. The Exchanges have published a summary of the position holder category determination here.
To comply with these regulations the Exchanges require their Members to provide the necessary information to the Exchange. The nature of the information required prevents it from being completely reconciled and checked against other trading and clearing information available to the Exchanges. Accordingly, it is not possible for the Exchanges to validate all of the information used in the preparation of these reports although the Exchanges do check the data where possible. Where an error is identified the reporting party is required to resubmit their information which will result in the report affected being republished.

In determining whether to rely on any report, users should note that these reports are published as received from Members. The Exchanges do not accept any responsibility for any loss incurred from a reliance on the report."
